launch_id,trial,attempt,final,coll,gpu_set,n_gpus,algo,proto,config,size_bytes,status,qc_flags,iters,warmup,rc,wall_s,t_wall_start,foreign_pids_during,other_gpu_processes,load_avg_1m
t1__all_gather__2gpu_nvlink__Tree__LL128__67108864,1,,True,all_gather,2gpu_nvlink,2,Tree,LL128,Tree/LL128,67108864,not_run_probe_unsupported,,,,,,,null,null,
t1__reduce_scatter__2gpu_nvlink__Ring__default__67108864,1,0.0,True,reduce_scatter,2gpu_nvlink,2,Ring,default,Ring/auto,67108864,ok,,2237.0,187.0,0.0,6.472932265140116,1791258144.3741567,[],"{""1"": [{""pid"": 2287837, ""kind"": ""compute"", ""used_mem_bytes"": 38489030656}]}",5.68359375
t1__reduce_scatter__4gpu__Tree__default__1048576,1,,True,reduce_scatter,4gpu,4,Tree,default,Tree/auto,1048576,not_run_probe_unsupported,,,,,,,null,null,
t1__all_gather__2gpu_nvlink__Ring__default__67108864,1,0.0,True,all_gather,2gpu_nvlink,2,Ring,default,Ring/auto,67108864,ok,,2436.0,203.0,0.0,6.435643455944955,1791258151.464016,[],"{""1"": [{""pid"": 2287837, ""kind"": ""compute"", ""used_mem_bytes"": 38489030656}]}",11.0302734375
t1__all_reduce__4gpu__default__LL128__1048576,1,0.0,True,all_reduce,4gpu,4,default,LL128,auto/LL128,1048576,ok,,9340.0,779.0,0.0,7.8495108829811215,1791258158.517131,[],"{""1"": [{""pid"": 2287837, ""kind"": ""compute"", ""used_mem_bytes"": 38489030656}]}",10.70751953125
t1__reduce_scatter__4gpu__Ring__default__1048576,1,0.0,True,reduce_scatter,4gpu,4,Ring,default,Ring/auto,1048576,ok,,25089.0,2091.0,0.0,7.767349869012833,1791258166.9899068,[],"{""1"": [{""pid"": 2287837, ""kind"": ""compute"", ""used_mem_bytes"": 38489030656}]}",10.06982421875
t1__reduce_scatter__4gpu__Ring__LL128__67108864,1,0.0,True,reduce_scatter,4gpu,4,Ring,LL128,Ring/LL128,67108864,ok,,301.0,26.0,0.0,7.7156300423666835,1791258175.3830364,[],"{""1"": [{""pid"": 2287837, ""kind"": ""compute"", ""used_mem_bytes"": 38489030656}]}",9.66455078125
t1__reduce_scatter__4gpu__Ring__LL128__1048576,1,0.0,True,reduce_scatter,4gpu,4,Ring,LL128,Ring/LL128,1048576,ok,,18081.0,1507.0,0.0,7.721387751400471,1791258183.7246535,[],"{""1"": [{""pid"": 2287837, ""kind"": ""compute"", ""used_mem_bytes"": 38489030656}]}",9.451171875
t1__all_reduce__4gpu__Tree__LL128__1048576,1,0.0,True,all_reduce,4gpu,4,Tree,LL128,Tree/LL128,1048576,ok,,13813.0,1152.0,0.0,7.718149981461465,1791258192.0627036,[],"{""1"": [{""pid"": 2287837, ""kind"": ""compute"", ""used_mem_bytes"": 38489030656}]}",8.77294921875
t1__all_reduce__2gpu_nvlink__Tree__default__67108864,1,0.0,True,all_reduce,2gpu_nvlink,2,Tree,default,Tree/auto,67108864,ok,,1588.0,133.0,0.0,6.424991951324046,1791258200.407321,[],"{""1"": [{""pid"": 2287837, ""kind"": ""compute"", ""used_mem_bytes"": 38489030656}]}",8.1123046875
t1__all_reduce__2gpu_nvlink__default__default__1048576,1,0.0,True,all_reduce,2gpu_nvlink,2,default,default,auto/auto,1048576,ok,,46101.0,3842.0,0.0,6.388112649321556,1791258207.4510643,[],"{""1"": [{""pid"": 2287837, ""kind"": ""compute"", ""used_mem_bytes"": 38489030656}]}",7.86279296875
t1__reduce_scatter__2gpu_nvlink__Tree__default__4096,1,,True,reduce_scatter,2gpu_nvlink,2,Tree,default,Tree/auto,4096,not_run_probe_unsupported,,,,,,,null,null,
t1__reduce_scatter__4gpu__Tree__default__67108864,1,,True,reduce_scatter,4gpu,4,Tree,default,Tree/auto,67108864,not_run_probe_unsupported,,,,,,,null,null,
t1__reduce_scatter__4gpu__Ring__LL128__4096,1,0.0,True,reduce_scatter,4gpu,4,Ring,LL128,Ring/LL128,4096,ok,,115775.0,9648.0,0.0,7.246166693978012,1791258214.4548213,[],"{""1"": [{""pid"": 2287837, ""kind"": ""compute"", ""used_mem_bytes"": 38489030656}]}",7.3359375
t1__all_gather__2gpu_nvlink__Ring__LL128__4096,1,0.0,True,all_gather,2gpu_nvlink,2,Ring,LL128,Ring/LL128,4096,ok,,198676.0,16557.0,0.0,5.892159633338451,1791258222.3255985,[],"{""1"": [{""pid"": 2287837, ""kind"": ""compute"", ""used_mem_bytes"": 38489030656}]}",7.1484375
t1__all_reduce__4gpu__Ring__default__4096,1,0.0,True,all_reduce,4gpu,4,Ring,default,Ring/auto,4096,ok,,184758.0,15397.0,0.0,7.241717195138335,1791258228.8364842,[],"{""1"": [{""pid"": 2287837, ""kind"": ""compute"", ""used_mem_bytes"": 38489030656}]}",7.05615234375
t1__reduce_scatter__2gpu_nvlink__Tree__LL128__1048576,1,,True,reduce_scatter,2gpu_nvlink,2,Tree,LL128,Tree/LL128,1048576,not_run_probe_unsupported,,,,,,,null,null,
t1__all_reduce__2gpu_nvlink__Tree__LL128__4096,1,0.0,True,all_reduce,2gpu_nvlink,2,Tree,LL128,Tree/LL128,4096,ok,,147602.0,12301.0,0.0,5.895988341420889,1791258236.7047205,[],"{""1"": [{""pid"": 2287837, ""kind"": ""compute"", ""used_mem_bytes"": 38489030656}]}",6.66552734375
t1__all_reduce__2gpu_nvlink__Tree__default__4096,1,0.0,True,all_reduce,2gpu_nvlink,2,Tree,default,Tree/auto,4096,ok,,282686.0,23558.0,0.0,5.919208238832653,1791258243.2196875,[],"{""1"": [{""pid"": 2287837, ""kind"": ""compute"", ""used_mem_bytes"": 38489030656}]}",6.6923828125
t1__reduce_scatter__2gpu_nvlink__Tree__LL128__4096,1,,True,reduce_scatter,2gpu_nvlink,2,Tree,LL128,Tree/LL128,4096,not_run_probe_unsupported,,,,,,,null,null,
t1__reduce_scatter__4gpu__default__LL128__4096,1,0.0,True,reduce_scatter,4gpu,4,default,LL128,auto/LL128,4096,ok,,115496.0,9625.0,0.0,7.341982237994671,1791258249.7572649,[],"{""1"": [{""pid"": 2287837, ""kind"": ""compute"", ""used_mem_bytes"": 38489030656}]}",6.6533203125
t1__all_reduce__2gpu_nvlink__Ring__LL128__1048576,1,0.0,True,all_reduce,2gpu_nvlink,2,Ring,LL128,Ring/LL128,1048576,ok,,46875.0,3907.0,0.0,6.410592048428953,1791258257.725875,[],"{""1"": [{""pid"": 2287837, ""kind"": ""compute"", ""used_mem_bytes"": 38489030656}]}",6.6005859375
t1__all_gather__2gpu_nvlink__Ring__LL128__1048576,1,0.0,True,all_gather,2gpu_nvlink,2,Ring,LL128,Ring/LL128,1048576,ok,,70881.0,5907.0,0.0,6.434832091443241,1791258264.7565987,[],"{""1"": [{""pid"": 2287837, ""kind"": ""compute"", ""used_mem_bytes"": 38489030656}]}",6.47216796875
t1__all_reduce__4gpu__Ring__LL128__67108864,1,0.0,True,all_reduce,4gpu,4,Ring,LL128,Ring/LL128,67108864,ok,,147.0,13.0,0.0,7.779177621006966,1791258271.8102903,[],"{""1"": [{""pid"": 2287837, ""kind"": ""compute"", ""used_mem_bytes"": 38489030656}]}",6.41259765625
t1__all_reduce__2gpu_nvlink__Tree__default__1048576,1,0.0,True,all_reduce,2gpu_nvlink,2,Tree,default,Tree/auto,1048576,ok,,41473.0,3457.0,0.0,6.4106581546366215,1791258280.216484,[],"{""1"": [{""pid"": 2287837, ""kind"": ""compute"", ""used_mem_bytes"": 38489030656}]}",5.96142578125
t1__reduce_scatter__2gpu_nvlink__Ring__LL128__4096,1,0.0,True,reduce_scatter,2gpu_nvlink,2,Ring,LL128,Ring/LL128,4096,ok,,174673.0,14557.0,0.0,5.9110317612066865,1791258287.246921,[],"{""1"": [{""pid"": 2287837, ""kind"": ""compute"", ""used_mem_bytes"": 38489030656}]}",5.80419921875
t1__all_reduce__4gpu__Tree__LL128__67108864,1,0.0,True,all_reduce,4gpu,4,Tree,LL128,Tree/LL128,67108864,ok,,243.0,21.0,0.0,7.773240893147886,1791258293.7757778,[],"{""1"": [{""pid"": 2287837, ""kind"": ""compute"", ""used_mem_bytes"": 38489030656}]}",5.900390625
t1__all_gather__4gpu__default__LL128__1048576,1,0.0,True,all_gather,4gpu,4,default,LL128,auto/LL128,1048576,ok,,16476.0,1373.0,0.0,7.192581850104034,1791258302.1817021,[],"{""1"": [{""pid"": 2287837, ""kind"": ""compute"", ""used_mem_bytes"": 38489030656}]}",5.62744140625
t1__all_reduce__2gpu_nvlink__Ring__default__4096,1,0.0,False,all_reduce,2gpu_nvlink,2,Ring,default,Ring/auto,4096,short_region,,307693.0,25642.0,0.0,5.413271941244602,1791258310.0075703,[],"{""1"": [{""pid"": 2287837, ""kind"": ""compute"", ""used_mem_bytes"": 38489030656}]}",5.5771484375
t1__all_reduce__2gpu_nvlink__Ring__default__4096,1,1.0,True,all_reduce,2gpu_nvlink,2,Ring,default,Ring/auto,4096,ok,,394985.0,25642.0,0.0,6.370751162990928,1791258316.034072,[],"{""1"": [{""pid"": 2287837, ""kind"": ""compute"", ""used_mem_bytes"": 38489030656}]}",5.48779296875
t1__all_gather__4gpu__Tree__LL128__1048576,1,,True,all_gather,4gpu,4,Tree,LL128,Tree/LL128,1048576,not_run_probe_unsupported,,,,,,,null,null,
t1__all_gather__2gpu_nvlink__Tree__default__4096,1,,True,all_gather,2gpu_nvlink,2,Tree,default,Tree/auto,4096,not_run_probe_unsupported,,,,,,,null,null,
t1__all_gather__2gpu_nvlink__Tree__default__67108864,1,,True,all_gather,2gpu_nvlink,2,Tree,default,Tree/auto,67108864,not_run_probe_unsupported,,,,,,,null,null,
t1__reduce_scatter__2gpu_nvlink__Ring__LL128__1048576,1,0.0,True,reduce_scatter,2gpu_nvlink,2,Ring,LL128,Ring/LL128,1048576,ok,,61131.0,5095.0,0.0,6.411232141777873,1791258323.0266087,[],"{""1"": [{""pid"": 2287837, ""kind"": ""compute"", ""used_mem_bytes"": 38489030656}]}",5.609375
t1__reduce_scatter__4gpu__default__LL128__1048576,1,0.0,True,reduce_scatter,4gpu,4,default,LL128,auto/LL128,1048576,ok,,17601.0,1467.0,0.0,7.8128132009878755,1791258330.0574646,[],"{""1"": [{""pid"": 2287837, ""kind"": ""compute"", ""used_mem_bytes"": 38489030656}]}",5.9775390625
t1__all_gather__4gpu__Tree__default__4096,1,,True,all_gather,4gpu,4,Tree,default,Tree/auto,4096,not_run_probe_unsupported,,,,,,,null,null,
t1__reduce_scatter__4gpu__Tree__LL128__1048576,1,,True,reduce_scatter,4gpu,4,Tree,LL128,Tree/LL128,1048576,not_run_probe_unsupported,,,,,,,null,null,
t1__reduce_scatter__2gpu_nvlink__Tree__default__1048576,1,,True,reduce_scatter,2gpu_nvlink,2,Tree,default,Tree/auto,1048576,not_run_probe_unsupported,,,,,,,null,null,
t1__all_gather__4gpu__Tree__default__1048576,1,,True,all_gather,4gpu,4,Tree,default,Tree/auto,1048576,not_run_probe_unsupported,,,,,,,null,null,
t1__all_reduce__4gpu__Ring__LL128__4096,1,0.0,True,all_reduce,4gpu,4,Ring,LL128,Ring/LL128,4096,ok,,78202.0,6517.0,0.0,7.235499053262174,1791258338.4966948,[],"{""1"": [{""pid"": 2287837, ""kind"": ""compute"", ""used_mem_bytes"": 38489030656}]}",6.1396484375
t1__all_reduce__4gpu__default__default__1048576,1,0.0,True,all_reduce,4gpu,4,default,default,auto/auto,1048576,ok,,13090.0,1091.0,0.0,7.762582377530634,1791258346.352329,[],"{""1"": [{""pid"": 2287837, ""kind"": ""compute"", ""used_mem_bytes"": 38489030656}]}",6.21142578125
t1__all_gather__2gpu_nvlink__default__default__4096,1,0.0,False,all_gather,2gpu_nvlink,2,default,default,auto/auto,4096,short_region,,324325.0,27028.0,0.0,5.395580777898431,1791258354.7446032,[],"{""1"": [{""pid"": 2287837, ""kind"": ""compute"", ""used_mem_bytes"": 38489030656}]}",6.1142578125
t1__all_gather__2gpu_nvlink__default__default__4096,1,1.0,True,all_gather,2gpu_nvlink,2,default,default,auto/auto,4096,ok,,432990.0,27028.0,0.0,6.404728265479207,1791258360.7532814,[],"{""1"": [{""pid"": 2287837, ""kind"": ""compute"", ""used_mem_bytes"": 38489030656}]}",6.00390625
t1__all_reduce__4gpu__Tree__default__1048576,1,0.0,True,all_reduce,4gpu,4,Tree,default,Tree/auto,1048576,ok,,18286.0,1524.0,0.0,7.79702718462795,1791258367.7788885,[],"{""1"": [{""pid"": 2287837, ""kind"": ""compute"", ""used_mem_bytes"": 38489030656}]}",6.32421875
t1__all_gather__4gpu__Tree__LL128__4096,1,,True,all_gather,4gpu,4,Tree,LL128,Tree/LL128,4096,not_run_probe_unsupported,,,,,,,null,null,
t1__all_reduce__2gpu_nvlink__Ring__LL128__4096,1,0.0,True,all_reduce,2gpu_nvlink,2,Ring,LL128,Ring/LL128,4096,ok,,151611.0,12635.0,0.0,5.8717468194663525,1791258376.2068648,[],"{""1"": [{""pid"": 2287837, ""kind"": ""compute"", ""used_mem_bytes"": 38489030656}]}",17.599609375
t1__reduce_scatter__2gpu_nvlink__Ring__default__1048576,1,0.0,True,reduce_scatter,2gpu_nvlink,2,Ring,default,Ring/auto,1048576,ok,,63661.0,5306.0,0.0,6.382100000977516,1791258382.6989007,[],"{""1"": [{""pid"": 2287837, ""kind"": ""compute"", ""used_mem_bytes"": 38489030656}]}",16.59033203125
t1__all_gather__4gpu__Ring__LL128__67108864,1,0.0,True,all_gather,4gpu,4,Ring,LL128,Ring/LL128,67108864,ok,,266.0,23.0,0.0,7.2294252859428525,1791258389.7008889,[],"{""1"": [{""pid"": 2287837, ""kind"": ""compute"", ""used_mem_bytes"": 38489030656}]}",14.7216796875
t1__reduce_scatter__4gpu__Tree__LL128__4096,1,,True,reduce_scatter,4gpu,4,Tree,LL128,Tree/LL128,4096,not_run_probe_unsupported,,,,,,,null,null,
t1__all_gather__4gpu__Ring__default__67108864,1,0.0,True,all_gather,4gpu,4,Ring,default,Ring/auto,67108864,ok,,459.0,39.0,0.0,7.71073092892766,1791258397.5584347,[],"{""1"": [{""pid"": 2287837, ""kind"": ""compute"", ""used_mem_bytes"": 38489030656}]}",14.02294921875
t1__reduce_scatter__2gpu_nvlink__default__default__4096,1,0.0,False,reduce_scatter,2gpu_nvlink,2,default,default,auto/auto,4096,short_region,,265194.0,22100.0,0.0,4.386137410998344,1791258405.8982065,[],"{""1"": [{""pid"": 2287837, ""kind"": ""compute"", ""used_mem_bytes"": 38489030656}]}",13.30029296875
t1__reduce_scatter__2gpu_nvlink__default__default__4096,1,1.0,True,reduce_scatter,2gpu_nvlink,2,default,default,auto/auto,4096,ok,,439025.0,22100.0,0.0,6.3693967424333096,1791258410.8960006,[],"{""1"": [{""pid"": 2287837, ""kind"": ""compute"", ""used_mem_bytes"": 38489030656}]}",21.8798828125
t1__all_gather__4gpu__Ring__LL128__4096,1,0.0,True,all_gather,4gpu,4,Ring,LL128,Ring/LL128,4096,ok,,127052.0,10588.0,0.0,7.315924578346312,1791258417.8845985,[],"{""1"": [{""pid"": 2287837, ""kind"": ""compute"", ""used_mem_bytes"": 38489030656}]}",20.76806640625
t1__all_gather__2gpu_nvlink__default__default__67108864,1,0.0,True,all_gather,2gpu_nvlink,2,default,default,auto/auto,67108864,ok,,2428.0,203.0,0.0,6.435668081045151,1791258425.8245595,[],"{""1"": [{""pid"": 2287837, ""kind"": ""compute"", ""used_mem_bytes"": 38489030656}]}",18.103515625
t1__reduce_scatter__2gpu_nvlink__Ring__default__4096,1,0.0,False,reduce_scatter,2gpu_nvlink,2,Ring,default,Ring/auto,4096,short_region,,256411.0,21368.0,0.0,4.356715737842023,1791258432.8786507,[],"{""1"": [{""pid"": 2287837, ""kind"": ""compute"", ""used_mem_bytes"": 38489030656}]}",17.05419921875
t1__reduce_scatter__2gpu_nvlink__Ring__default__4096,1,1.0,True,reduce_scatter,2gpu_nvlink,2,Ring,default,Ring/auto,4096,ok,,439025.0,21368.0,0.0,6.38518803846091,1791258437.8481386,[],"{""1"": [{""pid"": 2287837, ""kind"": ""compute"", ""used_mem_bytes"": 38489030656}]}",16.0888671875
t1__reduce_scatter__2gpu_nvlink__default__default__1048576,1,0.0,True,reduce_scatter,2gpu_nvlink,2,default,default,auto/auto,1048576,ok,,67133.0,5595.0,0.0,6.386070399545133,1791258444.8539817,[],"{""1"": [{""pid"": 2287837, ""kind"": ""compute"", ""used_mem_bytes"": 38489030656}]}",15.12060546875
t1__all_gather__4gpu__Ring__LL128__1048576,1,0.0,True,all_gather,4gpu,4,Ring,LL128,Ring/LL128,1048576,ok,,18221.0,1519.0,0.0,7.8186133755370975,1791258451.861696,[],"{""1"": [{""pid"": 2287837, ""kind"": ""compute"", ""used_mem_bytes"": 38489030656}]}",13.5771484375
t1__all_reduce__4gpu__Tree__LL128__4096,1,0.0,True,all_reduce,4gpu,4,Tree,LL128,Tree/LL128,4096,ok,,106101.0,8842.0,0.0,7.2780681205913424,1791258460.3099976,[],"{""1"": [{""pid"": 2287837, ""kind"": ""compute"", ""used_mem_bytes"": 38489030656}]}",12.6328125
t1__all_gather__4gpu__default__default__1048576,1,0.0,True,all_gather,4gpu,4,default,default,auto/auto,1048576,ok,,23583.0,1966.0,0.0,7.71760802064091,1791258468.2167487,[],"{""1"": [{""pid"": 2287837, ""kind"": ""compute"", ""used_mem_bytes"": 38489030656}]}",12.26171875
t1__reduce_scatter__2gpu_nvlink__default__LL128__1048576,1,0.0,True,reduce_scatter,2gpu_nvlink,2,default,LL128,auto/LL128,1048576,ok,,61100.0,5092.0,0.0,6.380482976324856,1791258476.563674,[],"{""1"": [{""pid"": 2287837, ""kind"": ""compute"", ""used_mem_bytes"": 38489030656}]}",10.9912109375
t1__all_reduce__2gpu_nvlink__Tree__LL128__67108864,1,0.0,True,all_reduce,2gpu_nvlink,2,Tree,LL128,Tree/LL128,67108864,ok,,1118.0,94.0,0.0,6.380338037386537,1791258483.5631447,[],"{""1"": [{""pid"": 2287837, ""kind"": ""compute"", ""used_mem_bytes"": 38489030656}]}",10.59130859375
t1__all_gather__4gpu__default__default__4096,1,0.0,True,all_gather,4gpu,4,default,default,auto/auto,4096,ok,,265781.0,22149.0,0.0,7.323774575255811,1791258490.566044,[],"{""1"": [{""pid"": 2287837, ""kind"": ""compute"", ""used_mem_bytes"": 38489030656}]}",10.18603515625
t1__reduce_scatter__2gpu_nvlink__default__default__67108864,1,0.0,True,reduce_scatter,2gpu_nvlink,2,default,default,auto/auto,67108864,ok,,2246.0,188.0,0.0,6.401583814993501,1791258498.520481,[],"{""1"": [{""pid"": 2287837, ""kind"": ""compute"", ""used_mem_bytes"": 38489030656}]}",9.7705078125
t1__reduce_scatter__4gpu__default__default__1048576,1,0.0,True,reduce_scatter,4gpu,4,default,default,auto/auto,1048576,ok,,24160.0,2014.0,0.0,7.818194760940969,1791258505.5470073,[],"{""1"": [{""pid"": 2287837, ""kind"": ""compute"", ""used_mem_bytes"": 38489030656}]}",9.41748046875
t1__reduce_scatter__2gpu_nvlink__Ring__LL128__67108864,1,0.0,True,reduce_scatter,2gpu_nvlink,2,Ring,LL128,Ring/LL128,67108864,ok,,2011.0,168.0,0.0,6.416604111902416,1791258513.9956007,[],"{""1"": [{""pid"": 2287837, ""kind"": ""compute"", ""used_mem_bytes"": 38489030656}]}",8.9833984375
t1__all_gather__4gpu__default__LL128__67108864,1,0.0,True,all_gather,4gpu,4,default,LL128,auto/LL128,67108864,ok,,302.0,26.0,0.0,7.81987030338496,1791258521.0350857,[],"{""1"": [{""pid"": 2287837, ""kind"": ""compute"", ""used_mem_bytes"": 38489030656}]}",8.45068359375
t1__all_gather__2gpu_nvlink__Tree__LL128__4096,1,,True,all_gather,2gpu_nvlink,2,Tree,LL128,Tree/LL128,4096,not_run_probe_unsupported,,,,,,,null,null,
t1__all_gather__4gpu__Tree__LL128__67108864,1,,True,all_gather,4gpu,4,Tree,LL128,Tree/LL128,67108864,not_run_probe_unsupported,,,,,,,null,null,
t1__all_reduce__2gpu_nvlink__Ring__default__67108864,1,0.0,True,all_reduce,2gpu_nvlink,2,Ring,default,Ring/auto,67108864,ok,,1437.0,120.0,0.0,6.382835214026272,1791258529.4850328,[],"{""1"": [{""pid"": 2287837, ""kind"": ""compute"", ""used_mem_bytes"": 38489030656}]}",8.25439453125
t1__reduce_scatter__2gpu_nvlink__default__LL128__67108864,1,0.0,True,reduce_scatter,2gpu_nvlink,2,default,LL128,auto/LL128,67108864,ok,,2020.0,169.0,0.0,6.368025277741253,1791258536.4906642,[],"{""1"": [{""pid"": 2287837, ""kind"": ""compute"", ""used_mem_bytes"": 38489030656}]}",7.60009765625
t1__all_gather__4gpu__default__LL128__4096,1,0.0,True,all_gather,4gpu,4,default,LL128,auto/LL128,4096,ok,,126850.0,10571.0,0.0,7.276843247003853,1791258543.4764948,[],"{""1"": [{""pid"": 2287837, ""kind"": ""compute"", ""used_mem_bytes"": 38489030656}]}",7.5517578125
t1__all_gather__2gpu_nvlink__Tree__LL128__1048576,1,,True,all_gather,2gpu_nvlink,2,Tree,LL128,Tree/LL128,1048576,not_run_probe_unsupported,,,,,,,null,null,
t1__all_reduce__2gpu_nvlink__Ring__default__1048576,1,0.0,True,all_reduce,2gpu_nvlink,2,Ring,default,Ring/auto,1048576,ok,,45890.0,3825.0,0.0,6.391088966280222,1791258551.3848302,[],"{""1"": [{""pid"": 2287837, ""kind"": ""compute"", ""used_mem_bytes"": 38489030656}]}",7.16552734375
t1__all_reduce__4gpu__Ring__default__67108864,1,0.0,True,all_reduce,4gpu,4,Ring,default,Ring/auto,67108864,ok,,236.0,20.0,0.0,7.72771012596786,1791258558.3994954,[],"{""1"": [{""pid"": 2287837, ""kind"": ""compute"", ""used_mem_bytes"": 38489030656}]}",7.15185546875
t1__all_reduce__4gpu__default__LL128__4096,1,0.0,True,all_reduce,4gpu,4,default,LL128,auto/LL128,4096,ok,,105634.0,8803.0,0.0,7.229084735736251,1791258566.7596164,[],"{""1"": [{""pid"": 2287837, ""kind"": ""compute"", ""used_mem_bytes"": 38489030656}]}",7.1416015625
t1__all_reduce__4gpu__Ring__default__1048576,1,0.0,True,all_reduce,4gpu,4,Ring,default,Ring/auto,1048576,ok,,12897.0,1075.0,0.0,7.736841424368322,1791258574.618582,[],"{""1"": [{""pid"": 2287837, ""kind"": ""compute"", ""used_mem_bytes"": 38489030656}]}",7.033203125
t1__all_reduce__4gpu__default__default__4096,1,0.0,True,all_reduce,4gpu,4,default,default,auto/auto,4096,ok,,186191.0,15516.0,0.0,7.269819103181362,1791258582.9862525,[],"{""1"": [{""pid"": 2287837, ""kind"": ""compute"", ""used_mem_bytes"": 38489030656}]}",7.11083984375
t1__all_reduce__4gpu__Tree__default__4096,1,0.0,True,all_reduce,4gpu,4,Tree,default,Tree/auto,4096,ok,,163044.0,13587.0,0.0,7.723062936216593,1791258590.8851542,[],"{""1"": [{""pid"": 2287837, ""kind"": ""compute"", ""used_mem_bytes"": 38489030656}]}",6.958984375
t1__all_reduce__2gpu_nvlink__Ring__LL128__67108864,1,0.0,True,all_reduce,2gpu_nvlink,2,Ring,LL128,Ring/LL128,67108864,ok,,1283.0,107.0,0.0,6.374716291204095,1791258599.2400982,[],"{""1"": [{""pid"": 2287837, ""kind"": ""compute"", ""used_mem_bytes"": 38489030656}]}",6.7216796875
t1__all_reduce__4gpu__Tree__default__67108864,1,0.0,True,all_reduce,4gpu,4,Tree,default,Tree/auto,67108864,ok,,354.0,30.0,0.0,7.692247664555907,1791258606.2385714,[],"{""1"": [{""pid"": 2287837, ""kind"": ""compute"", ""used_mem_bytes"": 38489030656}]}",7.0048828125
t1__all_reduce__2gpu_nvlink__default__LL128__4096,1,0.0,True,all_reduce,2gpu_nvlink,2,default,LL128,auto/LL128,4096,ok,,148332.0,12361.0,0.0,5.8965296829119325,1791258614.5629773,[],"{""1"": [{""pid"": 2287837, ""kind"": ""compute"", ""used_mem_bytes"": 38489030656}]}",6.84423828125
t1__all_gather__2gpu_nvlink__Tree__default__1048576,1,,True,all_gather,2gpu_nvlink,2,Tree,default,Tree/auto,1048576,not_run_probe_unsupported,,,,,,,null,null,
t1__all_gather__2gpu_nvlink__default__LL128__67108864,1,0.0,True,all_gather,2gpu_nvlink,2,default,LL128,auto/LL128,67108864,ok,,2111.0,176.0,0.0,5.936241189017892,1791258639.1079097,[],"{""1"": [{""pid"": 2287837, ""kind"": ""compute"", ""used_mem_bytes"": 38489030656}]}",6.0498046875
t1__all_gather__2gpu_nvlink__Ring__default__1048576,1,0.0,True,all_gather,2gpu_nvlink,2,Ring,default,Ring/auto,1048576,ok,,60961.0,5081.0,0.0,5.864162836223841,1791258645.6681802,[],"{""1"": [{""pid"": 2287837, ""kind"": ""compute"", ""used_mem_bytes"": 38489030656}]}",5.88525390625
t1__all_reduce__4gpu__default__default__67108864,1,0.0,True,all_reduce,4gpu,4,default,default,auto/auto,67108864,ok,,236.0,20.0,0.0,7.750187009572983,1791258652.1560702,[],"{""1"": [{""pid"": 2287837, ""kind"": ""compute"", ""used_mem_bytes"": 38489030656}]}",5.841796875
t1__reduce_scatter__4gpu__Tree__LL128__67108864,1,,True,reduce_scatter,4gpu,4,Tree,LL128,Tree/LL128,67108864,not_run_probe_unsupported,,,,,,,null,null,
t1__all_gather__4gpu__Ring__default__1048576,1,0.0,True,all_gather,4gpu,4,Ring,default,Ring/auto,1048576,ok,,22971.0,1915.0,0.0,7.727001218125224,1791258660.5402114,[],"{""1"": [{""pid"": 2287837, ""kind"": ""compute"", ""used_mem_bytes"": 38489030656}]}",5.798828125
t1__all_reduce__2gpu_nvlink__default__default__4096,1,0.0,False,all_reduce,2gpu_nvlink,2,default,default,auto/auto,4096,short_region,,256685.0,21391.0,0.0,4.8764236671850085,1791258668.8842115,[],"{""1"": [{""pid"": 2287837, ""kind"": ""compute"", ""used_mem_bytes"": 38489030656}]}",5.734375
t1__all_reduce__2gpu_nvlink__default__default__4096,1,1.0,True,all_reduce,2gpu_nvlink,2,default,default,auto/auto,4096,ok,,394367.0,21391.0,0.0,6.423396931029856,1791258674.373391,[],"{""1"": [{""pid"": 2287837, ""kind"": ""compute"", ""used_mem_bytes"": 38489030656}]}",5.755859375
t1__reduce_scatter__4gpu__default__LL128__67108864,1,0.0,True,reduce_scatter,4gpu,4,default,LL128,auto/LL128,67108864,ok,,265.0,23.0,0.0,7.264074367471039,1791258681.42193,[],"{""1"": [{""pid"": 2287837, ""kind"": ""compute"", ""used_mem_bytes"": 38489030656}]}",5.7197265625
t1__all_reduce__2gpu_nvlink__default__LL128__1048576,1,0.0,True,all_reduce,2gpu_nvlink,2,default,LL128,auto/LL128,1048576,ok,,46030.0,3836.0,0.0,5.887713337317109,1791258689.317679,[],"{""1"": [{""pid"": 2287837, ""kind"": ""compute"", ""used_mem_bytes"": 38489030656}]}",5.58154296875
t1__all_reduce__2gpu_nvlink__Tree__LL128__1048576,1,0.0,True,all_reduce,2gpu_nvlink,2,Tree,LL128,Tree/LL128,1048576,ok,,31435.0,2620.0,0.0,5.92378481477499,1791258695.8305528,[],"{""1"": [{""pid"": 2287837, ""kind"": ""compute"", ""used_mem_bytes"": 38489030656}]}",5.33154296875
t1__all_reduce__2gpu_nvlink__default__LL128__67108864,1,0.0,True,all_reduce,2gpu_nvlink,2,default,LL128,auto/LL128,67108864,ok,,1261.0,106.0,0.0,6.372410505078733,1791258702.3790846,[],"{""1"": [{""pid"": 2287837, ""kind"": ""compute"", ""used_mem_bytes"": 38489030656}]}",5.3046875
t1__reduce_scatter__4gpu__Tree__default__4096,1,,True,reduce_scatter,4gpu,4,Tree,default,Tree/auto,4096,not_run_probe_unsupported,,,,,,,null,null,
t1__all_gather__4gpu__Tree__default__67108864,1,,True,all_gather,4gpu,4,Tree,default,Tree/auto,67108864,not_run_probe_unsupported,,,,,,,null,null,
t1__all_gather__4gpu__Ring__default__4096,1,0.0,True,all_gather,4gpu,4,Ring,default,Ring/auto,4096,ok,,259180.0,21599.0,0.0,7.282180092297494,1791258709.3774412,[],"{""1"": [{""pid"": 2287837, ""kind"": ""compute"", ""used_mem_bytes"": 38489030656}]}",5.44091796875
t1__reduce_scatter__4gpu__Ring__default__67108864,1,0.0,True,reduce_scatter,4gpu,4,Ring,default,Ring/auto,67108864,ok,,466.0,39.0,0.0,7.820155695080757,1791258717.2874599,[],"{""1"": [{""pid"": 2287837, ""kind"": ""compute"", ""used_mem_bytes"": 38489030656}]}",5.31201171875
t1__all_gather__2gpu_nvlink__Ring__default__4096,1,0.0,False,all_gather,2gpu_nvlink,2,Ring,default,Ring/auto,4096,short_region,,258343.0,21529.0,0.0,4.360893930308521,1791258725.7422318,[],"{""1"": [{""pid"": 2287837, ""kind"": ""compute"", ""used_mem_bytes"": 38489030656}]}",5.28662109375
t1__all_gather__2gpu_nvlink__Ring__default__4096,1,1.0,True,all_gather,2gpu_nvlink,2,Ring,default,Ring/auto,4096,ok,,432247.0,21529.0,0.0,6.41000135615468,1791258730.7160513,[],"{""1"": [{""pid"": 2287837, ""kind"": ""compute"", ""used_mem_bytes"": 38489030656}]}",5.15576171875
t1__reduce_scatter__2gpu_nvlink__default__LL128__4096,1,0.0,True,reduce_scatter,2gpu_nvlink,2,default,LL128,auto/LL128,4096,ok,,175825.0,14653.0,0.0,5.923439795151353,1791258737.756526,[],"{""1"": [{""pid"": 2287837, ""kind"": ""compute"", ""used_mem_bytes"": 38489030656}]}",15.2333984375
t1__all_gather__2gpu_nvlink__default__LL128__1048576,1,0.0,True,all_gather,2gpu_nvlink,2,default,LL128,auto/LL128,1048576,ok,,70922.0,5911.0,0.0,6.396054334938526,1791258744.3038678,[],"{""1"": [{""pid"": 2287837, ""kind"": ""compute"", ""used_mem_bytes"": 38489030656}]}",14.73388671875
t1__reduce_scatter__2gpu_nvlink__Tree__LL128__67108864,1,,True,reduce_scatter,2gpu_nvlink,2,Tree,LL128,Tree/LL128,67108864,not_run_probe_unsupported,,,,,,,null,null,
t1__reduce_scatter__4gpu__default__default__67108864,1,0.0,True,reduce_scatter,4gpu,4,default,default,auto/auto,67108864,ok,,465.0,39.0,0.0,7.769696110859513,1791258751.3141847,[],"{""1"": [{""pid"": 2287837, ""kind"": ""compute"", ""used_mem_bytes"": 38489030656}]}",13.17578125
t1__all_reduce__4gpu__Ring__LL128__1048576,1,0.0,True,all_reduce,4gpu,4,Ring,LL128,Ring/LL128,1048576,ok,,9364.0,781.0,0.0,7.719293697737157,1791258759.716588,[],"{""1"": [{""pid"": 2287837, ""kind"": ""compute"", ""used_mem_bytes"": 38489030656}]}",11.98583984375
t1__reduce_scatter__4gpu__default__default__4096,1,0.0,True,reduce_scatter,4gpu,4,default,default,auto/auto,4096,ok,,269967.0,22498.0,0.0,7.310776527971029,1791258768.068589,[],"{""1"": [{""pid"": 2287837, ""kind"": ""compute"", ""used_mem_bytes"": 38489030656}]}",11.58642578125
t1__reduce_scatter__4gpu__Ring__default__4096,1,0.0,True,reduce_scatter,4gpu,4,Ring,default,Ring/auto,4096,ok,,265487.0,22124.0,0.0,7.2005090387538075,1791258776.0122647,[],"{""1"": [{""pid"": 2287837, ""kind"": ""compute"", ""used_mem_bytes"": 38489030656}]}",10.73974609375
t1__all_gather__4gpu__default__default__67108864,1,0.0,True,all_gather,4gpu,4,default,default,auto/auto,67108864,ok,,427.0,36.0,0.0,7.723045877180994,1791258783.8464339,[],"{""1"": [{""pid"": 2287837, ""kind"": ""compute"", ""used_mem_bytes"": 38489030656}]}",10.35986328125
t1__all_reduce__2gpu_nvlink__default__default__67108864,1,0.0,True,all_reduce,2gpu_nvlink,2,default,default,auto/auto,67108864,ok,,1447.0,121.0,0.0,6.402816114015877,1791258792.2027264,[],"{""1"": [{""pid"": 2287837, ""kind"": ""compute"", ""used_mem_bytes"": 38489030656}]}",20.99951171875
t1__reduce_scatter__2gpu_nvlink__Tree__default__67108864,1,,True,reduce_scatter,2gpu_nvlink,2,Tree,default,Tree/auto,67108864,not_run_probe_unsupported,,,,,,,null,null,
t1__all_reduce__4gpu__default__LL128__67108864,1,0.0,True,all_reduce,4gpu,4,default,LL128,auto/LL128,67108864,ok,,143.0,12.0,0.0,7.374672231264412,1791258799.2331972,[],"{""1"": [{""pid"": 2287837, ""kind"": ""compute"", ""used_mem_bytes"": 38489030656}]}",19.79833984375
t1__all_gather__2gpu_nvlink__default__default__1048576,1,0.0,True,all_gather,2gpu_nvlink,2,default,default,auto/auto,1048576,ok,,61808.0,5151.0,0.0,5.941404485143721,1791258807.2427044,[],"{""1"": [{""pid"": 2287837, ""kind"": ""compute"", ""used_mem_bytes"": 38489030656}]}",17.3017578125
t1__all_gather__2gpu_nvlink__Ring__LL128__67108864,1,0.0,True,all_gather,2gpu_nvlink,2,Ring,LL128,Ring/LL128,67108864,ok,,2115.0,177.0,0.0,5.934010700322688,1791258813.8114426,[],"{""1"": [{""pid"": 2287837, ""kind"": ""compute"", ""used_mem_bytes"": 38489030656}]}",16.556640625
t1__all_gather__2gpu_nvlink__default__LL128__4096,1,0.0,True,all_gather,2gpu_nvlink,2,default,LL128,auto/LL128,4096,ok,,198184.0,16516.0,0.0,5.945729841478169,1791258820.3684351,[],"{""1"": [{""pid"": 2287837, ""kind"": ""compute"", ""used_mem_bytes"": 38489030656}]}",15.630859375
t2__all_reduce__2gpu_nvlink__Tree__default__67108864,2,0.0,True,all_reduce,2gpu_nvlink,2,Tree,default,Tree/auto,67108864,ok,,1588.0,133.0,0.0,6.429825093597174,1791258862.0008152,[],"{""1"": [{""pid"": 2287837, ""kind"": ""compute"", ""used_mem_bytes"": 38489030656}]}",15.24853515625
t2__all_reduce__2gpu_nvlink__Tree__LL128__1048576,2,0.0,True,all_reduce,2gpu_nvlink,2,Tree,LL128,Tree/LL128,1048576,ok,,31435.0,2620.0,0.0,5.874358173459768,1791258869.0572171,[],"{""1"": [{""pid"": 2287837, ""kind"": ""compute"", ""used_mem_bytes"": 38489030656}]}",14.66796875
t2__reduce_scatter__4gpu__Ring__default__67108864,2,0.0,True,reduce_scatter,4gpu,4,Ring,default,Ring/auto,67108864,ok,,466.0,39.0,0.0,7.827001006342471,1791258875.5584779,[],"{""1"": [{""pid"": 2287837, ""kind"": ""compute"", ""used_mem_bytes"": 38489030656}]}",14.0625
t2__all_reduce__4gpu__default__LL128__67108864,2,0.0,True,all_reduce,4gpu,4,default,LL128,auto/LL128,67108864,ok,,143.0,12.0,0.0,7.28630165476352,1791258884.0197163,[],"{""1"": [{""pid"": 2287837, ""kind"": ""compute"", ""used_mem_bytes"": 38489030656}]}",13.49658203125
t2__reduce_scatter__2gpu_nvlink__default__LL128__4096,2,0.0,True,reduce_scatter,2gpu_nvlink,2,default,LL128,auto/LL128,4096,ok,,175825.0,14653.0,0.0,5.9006273075938225,1791258891.940435,[],"{""1"": [{""pid"": 2287837, ""kind"": ""compute"", ""used_mem_bytes"": 38489030656}]}",16.92431640625
t2__reduce_scatter__4gpu__Ring__default__1048576,2,0.0,True,reduce_scatter,4gpu,4,Ring,default,Ring/auto,1048576,ok,,25089.0,2091.0,0.0,7.768021048977971,1791258898.4678013,[],"{""1"": [{""pid"": 2287837, ""kind"": ""compute"", ""used_mem_bytes"": 38489030656}]}",16.28955078125
t2__all_gather__4gpu__Ring__default__67108864,2,0.0,True,all_gather,4gpu,4,Ring,default,Ring/auto,67108864,ok,,459.0,39.0,0.0,7.706510646268725,1791258906.8705733,[],"{""1"": [{""pid"": 2287837, ""kind"": ""compute"", ""used_mem_bytes"": 38489030656}]}",24.8837890625
t2__all_gather__4gpu__Tree__LL128__67108864,2,,True,all_gather,4gpu,4,Tree,LL128,Tree/LL128,67108864,not_run_probe_unsupported,,,,,,,null,null,
t2__reduce_scatter__4gpu__Tree__LL128__1048576,2,,True,reduce_scatter,4gpu,4,Tree,LL128,Tree/LL128,1048576,not_run_probe_unsupported,,,,,,,null,null,
t2__reduce_scatter__2gpu_nvlink__default__LL128__67108864,2,0.0,True,reduce_scatter,2gpu_nvlink,2,default,LL128,auto/LL128,67108864,ok,,2020.0,169.0,0.0,6.385327827185392,1791258915.2132306,[],"{""1"": [{""pid"": 2287837, ""kind"": ""compute"", ""used_mem_bytes"": 38489030656}]}",23.29150390625
t2__all_reduce__4gpu__default__default__67108864,2,0.0,True,all_reduce,4gpu,4,default,default,auto/auto,67108864,ok,,236.0,20.0,0.0,7.756439591757953,1791258922.2258098,[],"{""1"": [{""pid"": 2287837, ""kind"": ""compute"", ""used_mem_bytes"": 38489030656}]}",20.5654296875
t2__all_gather__2gpu_nvlink__Tree__default__1048576,2,,True,all_gather,2gpu_nvlink,2,Tree,default,Tree/auto,1048576,not_run_probe_unsupported,,,,,,,null,null,
t2__reduce_scatter__2gpu_nvlink__default__default__1048576,2,0.0,True,reduce_scatter,2gpu_nvlink,2,default,default,auto/auto,1048576,ok,,67133.0,5595.0,0.0,6.347000697627664,1791258930.616107,[],"{""1"": [{""pid"": 2287837, ""kind"": ""compute"", ""used_mem_bytes"": 38489030656}]}",18.091796875
t2__all_gather__2gpu_nvlink__Ring__default__67108864,2,0.0,True,all_gather,2gpu_nvlink,2,Ring,default,Ring/auto,67108864,ok,,2436.0,203.0,0.0,6.364597707986832,1791258937.590009,[],"{""1"": [{""pid"": 2287837, ""kind"": ""compute"", ""used_mem_bytes"": 38489030656}]}",17.123046875
t2__all_gather__4gpu__default__LL128__67108864,2,0.0,True,all_gather,4gpu,4,default,LL128,auto/LL128,67108864,ok,,302.0,26.0,0.0,7.759525099769235,1791258944.582609,[],"{""1"": [{""pid"": 2287837, ""kind"": ""compute"", ""used_mem_bytes"": 38489030656}]}",15.56591796875
t2__reduce_scatter__2gpu_nvlink__Ring__LL128__67108864,2,0.0,True,reduce_scatter,2gpu_nvlink,2,Ring,LL128,Ring/LL128,67108864,ok,,2011.0,168.0,0.0,6.375546631403267,1791258952.9784415,[],"{""1"": [{""pid"": 2287837, ""kind"": ""compute"", ""used_mem_bytes"": 38489030656}]}",14.7998046875
t2__reduce_scatter__4gpu__Tree__LL128__4096,2,,True,reduce_scatter,4gpu,4,Tree,LL128,Tree/LL128,4096,not_run_probe_unsupported,,,,,,,null,null,
t2__all_gather__2gpu_nvlink__Ring__LL128__4096,2,0.0,True,all_gather,2gpu_nvlink,2,Ring,LL128,Ring/LL128,4096,ok,,198676.0,16557.0,0.0,5.895533519797027,1791258959.9737406,[],"{""1"": [{""pid"": 2287837, ""kind"": ""compute"", ""used_mem_bytes"": 38489030656}]}",13.9345703125
t2__all_gather__2gpu_nvlink__default__default__4096,2,0.0,False,all_gather,2gpu_nvlink,2,default,default,auto/auto,4096,short_region,,324325.0,27028.0,0.0,5.356482804752886,1791258966.497908,[],"{""1"": [{""pid"": 2287837, ""kind"": ""compute"", ""used_mem_bytes"": 38489030656}]}",12.40673828125
t2__all_gather__2gpu_nvlink__default__default__4096,2,1.0,True,all_gather,2gpu_nvlink,2,default,default,auto/auto,4096,ok,,432990.0,27028.0,0.0,6.387158125638962,1791258972.467236,[],"{""1"": [{""pid"": 2287837, ""kind"": ""compute"", ""used_mem_bytes"": 38489030656}]}",11.7333984375
t2__all_gather__4gpu__Ring__default__1048576,2,0.0,True,all_gather,4gpu,4,Ring,default,Ring/auto,1048576,ok,,22971.0,1915.0,0.0,7.331667589955032,1791258979.4836473,[],"{""1"": [{""pid"": 2287837, ""kind"": ""compute"", ""used_mem_bytes"": 38489030656}]}",10.90576171875
t2__all_gather__2gpu_nvlink__default__default__1048576,2,0.0,True,all_gather,2gpu_nvlink,2,default,default,auto/auto,1048576,ok,,61808.0,5151.0,0.0,5.90500941965729,1791258987.4509537,[],"{""1"": [{""pid"": 2287837, ""kind"": ""compute"", ""used_mem_bytes"": 38489030656}]}",10.4326171875
t2__all_gather__2gpu_nvlink__Ring__default__1048576,2,0.0,True,all_gather,2gpu_nvlink,2,Ring,default,Ring/auto,1048576,ok,,60961.0,5081.0,0.0,5.885738089680672,1791258993.984236,[],"{""1"": [{""pid"": 2287837, ""kind"": ""compute"", ""used_mem_bytes"": 38489030656}]}",10.15771484375
t2__all_gather__2gpu_nvlink__Ring__LL128__1048576,2,0.0,True,all_gather,2gpu_nvlink,2,Ring,LL128,Ring/LL128,1048576,ok,,70881.0,5907.0,0.0,6.345145966857672,1791259000.4982474,[],"{""1"": [{""pid"": 2287837, ""kind"": ""compute"", ""used_mem_bytes"": 38489030656}]}",9.19775390625
t2__all_gather__2gpu_nvlink__Ring__LL128__67108864,2,0.0,True,all_gather,2gpu_nvlink,2,Ring,LL128,Ring/LL128,67108864,ok,,2115.0,177.0,0.0,5.890306322835386,1791259007.4703555,[],"{""1"": [{""pid"": 2287837, ""kind"": ""compute"", ""used_mem_bytes"": 38489030656}]}",8.94140625
t2__all_gather__4gpu__default__default__67108864,2,0.0,True,all_gather,4gpu,4,default,default,auto/auto,67108864,ok,,427.0,36.0,0.0,7.710150412283838,1791259013.9851794,[],"{""1"": [{""pid"": 2287837, ""kind"": ""compute"", ""used_mem_bytes"": 38489030656}]}",8.70556640625
t2__reduce_scatter__2gpu_nvlink__Ring__LL128__4096,2,0.0,True,reduce_scatter,2gpu_nvlink,2,Ring,LL128,Ring/LL128,4096,ok,,174673.0,14557.0,0.0,5.866465549916029,1791259022.3225784,[],"{""1"": [{""pid"": 2287837, ""kind"": ""compute"", ""used_mem_bytes"": 38489030656}]}",7.91455078125
t2__reduce_scatter__2gpu_nvlink__default__default__67108864,2,0.0,True,reduce_scatter,2gpu_nvlink,2,default,default,auto/auto,67108864,ok,,2246.0,188.0,0.0,6.380417004227638,1791259028.813537,[],"{""1"": [{""pid"": 2287837, ""kind"": ""compute"", ""used_mem_bytes"": 38489030656}]}",7.84130859375
t2__reduce_scatter__4gpu__Tree__default__1048576,2,,True,reduce_scatter,4gpu,4,Tree,default,Tree/auto,1048576,not_run_probe_unsupported,,,,,,,null,null,
t2__reduce_scatter__4gpu__default__default__1048576,2,0.0,True,reduce_scatter,4gpu,4,default,default,auto/auto,1048576,ok,,24160.0,2014.0,0.0,7.733563861809671,1791259035.8150592,[],"{""1"": [{""pid"": 2287837, ""kind"": ""compute"", ""used_mem_bytes"": 38489030656}]}",8.09375
t2__all_reduce__4gpu__Tree__LL128__1048576,2,0.0,True,all_reduce,4gpu,4,Tree,LL128,Tree/LL128,1048576,ok,,13813.0,1152.0,0.0,7.723324771039188,1791259044.1846724,[],"{""1"": [{""pid"": 2287837, ""kind"": ""compute"", ""used_mem_bytes"": 38489030656}]}",7.75830078125
t2__reduce_scatter__2gpu_nvlink__Tree__LL128__1048576,2,,True,reduce_scatter,2gpu_nvlink,2,Tree,LL128,Tree/LL128,1048576,not_run_probe_unsupported,,,,,,,null,null,
t2__reduce_scatter__4gpu__default__default__67108864,2,0.0,True,reduce_scatter,4gpu,4,default,default,auto/auto,67108864,ok,,465.0,39.0,0.0,7.780634024180472,1791259052.545154,[],"{""1"": [{""pid"": 2287837, ""kind"": ""compute"", ""used_mem_bytes"": 38489030656}]}",7.697265625
t2__all_reduce__2gpu_nvlink__Ring__default__1048576,2,0.0,True,all_reduce,2gpu_nvlink,2,Ring,default,Ring/auto,1048576,ok,,45890.0,3825.0,0.0,6.3747853972017765,1791259060.9677315,[],"{""1"": [{""pid"": 2287837, ""kind"": ""compute"", ""used_mem_bytes"": 38489030656}]}",7.50927734375
t2__all_gather__2gpu_nvlink__Ring__default__4096,2,0.0,False,all_gather,2gpu_nvlink,2,Ring,default,Ring/auto,4096,short_region,,258343.0,21529.0,0.0,4.362349070608616,1791259067.9723969,[],"{""1"": [{""pid"": 2287837, ""kind"": ""compute"", ""used_mem_bytes"": 38489030656}]}",7.30810546875
t2__all_gather__2gpu_nvlink__Ring__default__4096,2,1.0,True,all_gather,2gpu_nvlink,2,Ring,default,Ring/auto,4096,ok,,431507.0,21529.0,0.0,6.359050029888749,1791259072.9476013,[],"{""1"": [{""pid"": 2287837, ""kind"": ""compute"", ""used_mem_bytes"": 38489030656}]}",7.123046875
t2__all_reduce__2gpu_nvlink__Ring__default__4096,2,0.0,False,all_reduce,2gpu_nvlink,2,Ring,default,Ring/auto,4096,short_region,,307693.0,25642.0,0.0,5.358656568452716,1791259079.937049,[],"{""1"": [{""pid"": 2287837, ""kind"": ""compute"", ""used_mem_bytes"": 38489030656}]}",7.03271484375
t2__all_reduce__2gpu_nvlink__Ring__default__4096,2,1.0,True,all_reduce,2gpu_nvlink,2,Ring,default,Ring/auto,4096,ok,,391913.0,25642.0,0.0,6.383434251882136,1791259085.9060814,[],"{""1"": [{""pid"": 2287837, ""kind"": ""compute"", ""used_mem_bytes"": 38489030656}]}",6.79345703125
t2__reduce_scatter__2gpu_nvlink__default__default__4096,2,0.0,False,reduce_scatter,2gpu_nvlink,2,default,default,auto/auto,4096,short_region,,265194.0,22100.0,0.0,4.376439252868295,1791259092.9196775,[],"{""1"": [{""pid"": 2287837, ""kind"": ""compute"", ""used_mem_bytes"": 38489030656}]}",6.5693359375
t2__reduce_scatter__2gpu_nvlink__default__default__4096,2,1.0,True,reduce_scatter,2gpu_nvlink,2,default,default,auto/auto,4096,ok,,437501.0,22100.0,0.0,6.353026018477976,1791259097.908349,[],"{""1"": [{""pid"": 2287837, ""kind"": ""compute"", ""used_mem_bytes"": 38489030656}]}",6.443359375
t2__reduce_scatter__4gpu__default__LL128__1048576,2,0.0,True,reduce_scatter,4gpu,4,default,LL128,auto/LL128,1048576,ok,,17601.0,1467.0,0.0,7.768815917894244,1791259104.888733,[],"{""1"": [{""pid"": 2287837, ""kind"": ""compute"", ""used_mem_bytes"": 38489030656}]}",16.84228515625
t2__all_reduce__2gpu_nvlink__default__LL128__1048576,2,0.0,True,all_reduce,2gpu_nvlink,2,default,LL128,auto/LL128,1048576,ok,,46030.0,3836.0,0.0,5.875667541287839,1791259113.2994328,[],"{""1"": [{""pid"": 2287837, ""kind"": ""compute"", ""used_mem_bytes"": 38489030656}]}",15.9736328125
t2__all_gather__4gpu__Tree__default__1048576,2,,True,all_gather,4gpu,4,Tree,default,Tree/auto,1048576,not_run_probe_unsupported,,,,,,,null,null,
t2__all_reduce__4gpu__Tree__default__67108864,2,0.0,True,all_reduce,4gpu,4,Tree,default,Tree/auto,67108864,ok,,354.0,30.0,0.0,7.761911102570593,1791259119.79547,[],"{""1"": [{""pid"": 2287837, ""kind"": ""compute"", ""used_mem_bytes"": 38489030656}]}",14.193359375
t2__all_reduce__4gpu__Ring__LL128__67108864,2,0.0,True,all_reduce,4gpu,4,Ring,LL128,Ring/LL128,67108864,ok,,147.0,13.0,0.0,7.72343913000077,1791259128.1993976,[],"{""1"": [{""pid"": 2287837, ""kind"": ""compute"", ""used_mem_bytes"": 38489030656}]}",13.697265625
t2__all_gather__4gpu__Tree__default__4096,2,,True,all_gather,4gpu,4,Tree,default,Tree/auto,4096,not_run_probe_unsupported,,,,,,,null,null,
t2__all_reduce__4gpu__Tree__default__1048576,2,0.0,True,all_reduce,4gpu,4,Tree,default,Tree/auto,1048576,ok,,18286.0,1524.0,0.0,7.719005275517702,1791259136.5624266,[],"{""1"": [{""pid"": 2287837, ""kind"": ""compute"", ""used_mem_bytes"": 38489030656}]}",12.75341796875
t2__all_gather__4gpu__Tree__LL128__4096,2,,True,all_gather,4gpu,4,Tree,LL128,Tree/LL128,4096,not_run_probe_unsupported,,,,,,,null,null,
t2__all_reduce__2gpu_nvlink__Tree__LL128__4096,2,0.0,True,all_reduce,2gpu_nvlink,2,Tree,LL128,Tree/LL128,4096,ok,,147602.0,12301.0,0.0,5.911342642270029,1791259144.9105103,[],"{""1"": [{""pid"": 2287837, ""kind"": ""compute"", ""used_mem_bytes"": 38489030656}]}",12.21240234375
t2__reduce_scatter__2gpu_nvlink__Tree__default__1048576,2,,True,reduce_scatter,2gpu_nvlink,2,Tree,default,Tree/auto,1048576,not_run_probe_unsupported,,,,,,,null,null,
t2__reduce_scatter__2gpu_nvlink__Ring__default__4096,2,0.0,False,reduce_scatter,2gpu_nvlink,2,Ring,default,Ring/auto,4096,short_region,,256411.0,21368.0,0.0,4.359430348500609,1791259151.4424376,[],"{""1"": [{""pid"": 2287837, ""kind"": ""compute"", ""used_mem_bytes"": 38489030656}]}",11.794921875
t2__reduce_scatter__2gpu_nvlink__Ring__default__4096,2,1.0,True,reduce_scatter,2gpu_nvlink,2,Ring,default,Ring/auto,4096,ok,,437501.0,21368.0,0.0,6.381754641421139,1791259156.4148207,[],"{""1"": [{""pid"": 2287837, ""kind"": ""compute"", ""used_mem_bytes"": 38489030656}]}",10.58935546875
t2__all_gather__2gpu_nvlink__default__LL128__4096,2,0.0,True,all_gather,2gpu_nvlink,2,default,LL128,auto/LL128,4096,ok,,198184.0,16516.0,0.0,5.876828047446907,1791259163.4269454,[],"{""1"": [{""pid"": 2287837, ""kind"": ""compute"", ""used_mem_bytes"": 38489030656}]}",10.3017578125
t2__reduce_scatter__4gpu__default__LL128__67108864,2,0.0,True,reduce_scatter,4gpu,4,default,LL128,auto/LL128,67108864,ok,,265.0,23.0,0.0,7.312879445962608,1791259169.9338038,[],"{""1"": [{""pid"": 2287837, ""kind"": ""compute"", ""used_mem_bytes"": 38489030656}]}",9.546875
t2__all_reduce__4gpu__Tree__LL128__67108864,2,0.0,True,all_reduce,4gpu,4,Tree,LL128,Tree/LL128,67108864,ok,,243.0,21.0,0.0,7.717947077006102,1791259177.886541,[],"{""1"": [{""pid"": 2287837, ""kind"": ""compute"", ""used_mem_bytes"": 38489030656}]}",9.4228515625
t2__reduce_scatter__2gpu_nvlink__default__LL128__1048576,2,0.0,True,reduce_scatter,2gpu_nvlink,2,default,LL128,auto/LL128,1048576,ok,,61100.0,5092.0,0.0,6.402417967095971,1791259186.24306,[],"{""1"": [{""pid"": 2287837, ""kind"": ""compute"", ""used_mem_bytes"": 38489030656}]}",8.8896484375
t2__all_gather__2gpu_nvlink__Tree__LL128__1048576,2,,True,all_gather,2gpu_nvlink,2,Tree,LL128,Tree/LL128,1048576,not_run_probe_unsupported,,,,,,,null,null,
t2__all_reduce__2gpu_nvlink__Ring__LL128__4096,2,0.0,True,all_reduce,2gpu_nvlink,2,Ring,LL128,Ring/LL128,4096,ok,,151611.0,12635.0,0.0,5.907362746074796,1791259193.2763708,[],"{""1"": [{""pid"": 2287837, ""kind"": ""compute"", ""used_mem_bytes"": 38489030656}]}",8.658203125
t2__reduce_scatter__4gpu__default__LL128__4096,2,0.0,True,reduce_scatter,4gpu,4,default,LL128,auto/LL128,4096,ok,,115496.0,9625.0,0.0,7.259775700978935,1791259199.815074,[],"{""1"": [{""pid"": 2287837, ""kind"": ""compute"", ""used_mem_bytes"": 38489030656}]}",8.23046875
t2__all_reduce__4gpu__Ring__default__67108864,2,0.0,True,all_reduce,4gpu,4,Ring,default,Ring/auto,67108864,ok,,236.0,20.0,0.0,7.7206367971375585,1791259207.6932528,[],"{""1"": [{""pid"": 2287837, ""kind"": ""compute"", ""used_mem_bytes"": 38489030656}]}",8.45263671875
t2__all_gather__4gpu__Ring__LL128__1048576,2,0.0,True,all_gather,4gpu,4,Ring,LL128,Ring/LL128,1048576,ok,,18221.0,1519.0,0.0,7.7670163828879595,1791259216.0542507,[],"{""1"": [{""pid"": 2287837, ""kind"": ""compute"", ""used_mem_bytes"": 38489030656}]}",8.228515625
t2__reduce_scatter__2gpu_nvlink__Tree__default__4096,2,,True,reduce_scatter,2gpu_nvlink,2,Tree,default,Tree/auto,4096,not_run_probe_unsupported,,,,,,,null,null,
t2__reduce_scatter__2gpu_nvlink__Ring__LL128__1048576,2,0.0,True,reduce_scatter,2gpu_nvlink,2,Ring,LL128,Ring/LL128,1048576,ok,,61131.0,5095.0,0.0,6.407030088827014,1791259224.4600735,[],"{""1"": [{""pid"": 2287837, ""kind"": ""compute"", ""used_mem_bytes"": 38489030656}]}",8.0498046875
t2__all_reduce__2gpu_nvlink__Ring__default__67108864,2,0.0,True,all_reduce,2gpu_nvlink,2,Ring,default,Ring/auto,67108864,ok,,1437.0,120.0,0.0,6.395605756901205,1791259231.4884326,[],"{""1"": [{""pid"": 2287837, ""kind"": ""compute"", ""used_mem_bytes"": 38489030656}]}",17.83740234375
t2__all_gather__4gpu__Tree__default__67108864,2,,True,all_gather,4gpu,4,Tree,default,Tree/auto,67108864,not_run_probe_unsupported,,,,,,,null,null,
t2__reduce_scatter__4gpu__default__default__4096,2,0.0,True,reduce_scatter,4gpu,4,default,default,auto/auto,4096,ok,,269967.0,22498.0,0.0,7.308246403932571,1791259238.5174444,[],"{""1"": [{""pid"": 2287837, ""kind"": ""compute"", ""used_mem_bytes"": 38489030656}]}",16.88916015625
t2__all_gather__2gpu_nvlink__Tree__LL128__67108864,2,,True,all_gather,2gpu_nvlink,2,Tree,LL128,Tree/LL128,67108864,not_run_probe_unsupported,,,,,,,null,null,
t2__reduce_scatter__2gpu_nvlink__Tree__LL128__67108864,2,,True,reduce_scatter,2gpu_nvlink,2,Tree,LL128,Tree/LL128,67108864,not_run_probe_unsupported,,,,,,,null,null,
t2__all_reduce__2gpu_nvlink__default__default__4096,2,0.0,False,all_reduce,2gpu_nvlink,2,default,default,auto/auto,4096,short_region,,256685.0,21391.0,0.0,4.881575722247362,1791259246.4641285,[],"{""1"": [{""pid"": 2287837, ""kind"": ""compute"", ""used_mem_bytes"": 38489030656}]}",15.93701171875
t2__all_reduce__2gpu_nvlink__default__default__4096,2,1.0,True,all_reduce,2gpu_nvlink,2,default,default,auto/auto,4096,ok,,393136.0,21391.0,0.0,6.37844100035727,1791259251.958399,[],"{""1"": [{""pid"": 2287837, ""kind"": ""compute"", ""used_mem_bytes"": 38489030656}]}",14.3349609375
t2__reduce_scatter__2gpu_nvlink__Ring__default__1048576,2,0.0,True,reduce_scatter,2gpu_nvlink,2,Ring,default,Ring/auto,1048576,ok,,63661.0,5306.0,0.0,6.4068896267563105,1791259258.9692016,[],"{""1"": [{""pid"": 2287837, ""kind"": ""compute"", ""used_mem_bytes"": 38489030656}]}",13.58740234375
t2__all_reduce__4gpu__Ring__default__4096,2,0.0,True,all_reduce,4gpu,4,Ring,default,Ring/auto,4096,ok,,184758.0,15397.0,0.0,7.2564146257936954,1791259266.0069556,[],"{""1"": [{""pid"": 2287837, ""kind"": ""compute"", ""used_mem_bytes"": 38489030656}]}",23.416015625
t2__all_reduce__2gpu_nvlink__Tree__default__4096,2,0.0,True,all_reduce,2gpu_nvlink,2,Tree,default,Tree/auto,4096,ok,,282686.0,23558.0,0.0,5.908105967566371,1791259273.9028854,[],"{""1"": [{""pid"": 2287837, ""kind"": ""compute"", ""used_mem_bytes"": 38489030656}]}",21.86083984375
t2__all_reduce__4gpu__Tree__default__4096,2,0.0,True,all_reduce,4gpu,4,Tree,default,Tree/auto,4096,ok,,163044.0,13587.0,0.0,7.773324077017605,1791259280.4426656,[],"{""1"": [{""pid"": 2287837, ""kind"": ""compute"", ""used_mem_bytes"": 38489030656}]}",19.56884765625
t2__reduce_scatter__4gpu__Tree__LL128__67108864,2,,True,reduce_scatter,4gpu,4,Tree,LL128,Tree/LL128,67108864,not_run_probe_unsupported,,,,,,,null,null,
t2__all_gather__4gpu__Tree__LL128__1048576,2,,True,all_gather,4gpu,4,Tree,LL128,Tree/LL128,1048576,not_run_probe_unsupported,,,,,,,null,null,
t2__all_gather__4gpu__Ring__LL128__4096,2,0.0,True,all_gather,4gpu,4,Ring,LL128,Ring/LL128,4096,ok,,127052.0,10588.0,0.0,7.210861151106656,1791259288.8455622,[],"{""1"": [{""pid"": 2287837, ""kind"": ""compute"", ""used_mem_bytes"": 38489030656}]}",18.56201171875
t2__reduce_scatter__4gpu__Ring__default__4096,2,0.0,True,reduce_scatter,4gpu,4,Ring,default,Ring/auto,4096,ok,,265487.0,22124.0,0.0,7.224633608944714,1791259296.6846478,[],"{""1"": [{""pid"": 2287837, ""kind"": ""compute"", ""used_mem_bytes"": 38489030656}]}",16.7900390625
t2__reduce_scatter__2gpu_nvlink__Tree__LL128__4096,2,,True,reduce_scatter,2gpu_nvlink,2,Tree,LL128,Tree/LL128,4096,not_run_probe_unsupported,,,,,,,null,null,
t2__reduce_scatter__2gpu_nvlink__Ring__default__67108864,2,0.0,True,reduce_scatter,2gpu_nvlink,2,Ring,default,Ring/auto,67108864,ok,,2237.0,187.0,0.0,6.402563013136387,1791259304.5441701,[],"{""1"": [{""pid"": 2287837, ""kind"": ""compute"", ""used_mem_bytes"": 38489030656}]}",15.765625
t2__all_reduce__2gpu_nvlink__default__LL128__67108864,2,0.0,True,all_reduce,2gpu_nvlink,2,default,LL128,auto/LL128,67108864,ok,,1261.0,106.0,0.0,6.366071559488773,1791259311.5811574,[],"{""1"": [{""pid"": 2287837, ""kind"": ""compute"", ""used_mem_bytes"": 38489030656}]}",14.1162109375
t2__reduce_scatter__4gpu__Ring__LL128__67108864,2,0.0,True,reduce_scatter,4gpu,4,Ring,LL128,Ring/LL128,67108864,ok,,301.0,26.0,0.0,7.722580428235233,1791259318.5808873,[],"{""1"": [{""pid"": 2287837, ""kind"": ""compute"", ""used_mem_bytes"": 38489030656}]}",13.7060546875
t2__reduce_scatter__4gpu__Ring__LL128__4096,2,0.0,True,reduce_scatter,4gpu,4,Ring,LL128,Ring/LL128,4096,ok,,115775.0,9648.0,0.0,7.262136667966843,1791259326.9467323,[],"{""1"": [{""pid"": 2287837, ""kind"": ""compute"", ""used_mem_bytes"": 38489030656}]}",12.5947265625
t2__all_reduce__4gpu__Ring__LL128__1048576,2,0.0,True,all_reduce,4gpu,4,Ring,LL128,Ring/LL128,1048576,ok,,9364.0,781.0,0.0,7.775235976092517,1791259334.841825,[],"{""1"": [{""pid"": 2287837, ""kind"": ""compute"", ""used_mem_bytes"": 38489030656}]}",11.42041015625
t2__all_gather__2gpu_nvlink__Tree__default__4096,2,,True,all_gather,2gpu_nvlink,2,Tree,default,Tree/auto,4096,not_run_probe_unsupported,,,,,,,null,null,
t2__all_reduce__2gpu_nvlink__default__default__67108864,2,0.0,True,all_reduce,2gpu_nvlink,2,default,default,auto/auto,67108864,ok,,1447.0,121.0,0.0,6.41074980981648,1791259361.2825687,[],"{""1"": [{""pid"": 2287837, ""kind"": ""compute"", ""used_mem_bytes"": 38489030656}]}",8.9619140625
t2__all_gather__2gpu_nvlink__default__default__67108864,2,0.0,True,all_gather,2gpu_nvlink,2,default,default,auto/auto,67108864,ok,,2428.0,203.0,0.0,6.404760864563286,1791259368.327254,[],"{""1"": [{""pid"": 2287837, ""kind"": ""compute"", ""used_mem_bytes"": 38489030656}]}",8.724609375
t2__all_gather__2gpu_nvlink__default__LL128__1048576,2,0.0,True,all_gather,2gpu_nvlink,2,default,LL128,auto/LL128,1048576,ok,,70922.0,5911.0,0.0,6.376524084247649,1791259375.3656528,[],"{""1"": [{""pid"": 2287837, ""kind"": ""compute"", ""used_mem_bytes"": 38489030656}]}",8.58642578125
t2__all_gather__2gpu_nvlink__Tree__default__67108864,2,,True,all_gather,2gpu_nvlink,2,Tree,default,Tree/auto,67108864,not_run_probe_unsupported,,,,,,,null,null,
t2__all_reduce__2gpu_nvlink__Tree__LL128__67108864,2,0.0,True,all_reduce,2gpu_nvlink,2,Tree,LL128,Tree/LL128,67108864,ok,,1118.0,94.0,0.0,6.382241781800985,1791259382.3649204,[],"{""1"": [{""pid"": 2287837, ""kind"": ""compute"", ""used_mem_bytes"": 38489030656}]}",7.80712890625
t2__all_gather__4gpu__default__LL128__4096,2,0.0,True,all_gather,4gpu,4,default,LL128,auto/LL128,4096,ok,,126850.0,10571.0,0.0,7.258303007110953,1791259389.3806798,[],"{""1"": [{""pid"": 2287837, ""kind"": ""compute"", ""used_mem_bytes"": 38489030656}]}",7.90283203125
t2__all_reduce__4gpu__Ring__LL128__4096,2,0.0,True,all_reduce,4gpu,4,Ring,LL128,Ring/LL128,4096,ok,,78202.0,6517.0,0.0,7.257425787858665,1791259397.2771664,[],"{""1"": [{""pid"": 2287837, ""kind"": ""compute"", ""used_mem_bytes"": 38489030656}]}",17.63916015625
t2__all_reduce__4gpu__default__LL128__4096,2,0.0,True,all_reduce,4gpu,4,default,LL128,auto/LL128,4096,ok,,105634.0,8803.0,0.0,7.2858779253438115,1791259405.1749904,[],"{""1"": [{""pid"": 2287837, ""kind"": ""compute"", ""used_mem_bytes"": 38489030656}]}",15.91015625
t2__all_gather__4gpu__default__default__1048576,2,0.0,True,all_gather,4gpu,4,default,default,auto/auto,1048576,ok,,23583.0,1966.0,0.0,7.727248004637659,1791259413.1028633,[],"{""1"": [{""pid"": 2287837, ""kind"": ""compute"", ""used_mem_bytes"": 38489030656}]}",15.2763671875
t2__all_reduce__2gpu_nvlink__Tree__default__1048576,2,0.0,True,all_reduce,2gpu_nvlink,2,Tree,default,Tree/auto,1048576,ok,,41473.0,3457.0,0.0,5.921773537993431,1791259421.4722545,[],"{""1"": [{""pid"": 2287837, ""kind"": ""compute"", ""used_mem_bytes"": 38489030656}]}",13.77587890625
t2__all_reduce__4gpu__Tree__LL128__4096,2,0.0,True,all_reduce,4gpu,4,Tree,LL128,Tree/LL128,4096,ok,,106101.0,8842.0,0.0,7.2718293853104115,1791259428.029184,[],"{""1"": [{""pid"": 2287837, ""kind"": ""compute"", ""used_mem_bytes"": 38489030656}]}",13.23291015625
t2__all_reduce__4gpu__Ring__default__1048576,2,0.0,True,all_reduce,4gpu,4,Ring,default,Ring/auto,1048576,ok,,12897.0,1075.0,0.0,7.723492817953229,1791259435.9424946,[],"{""1"": [{""pid"": 2287837, ""kind"": ""compute"", ""used_mem_bytes"": 38489030656}]}",12.58154296875
t2__all_reduce__2gpu_nvlink__default__LL128__4096,2,0.0,True,all_reduce,2gpu_nvlink,2,default,LL128,auto/LL128,4096,ok,,148332.0,12361.0,0.0,5.890515813603997,1791259444.3093865,[],"{""1"": [{""pid"": 2287837, ""kind"": ""compute"", ""used_mem_bytes"": 38489030656}]}",12.05419921875
t2__reduce_scatter__4gpu__Tree__default__4096,2,,True,reduce_scatter,4gpu,4,Tree,default,Tree/auto,4096,not_run_probe_unsupported,,,,,,,null,null,
t2__all_gather__4gpu__Ring__default__4096,2,0.0,True,all_gather,4gpu,4,Ring,default,Ring/auto,4096,ok,,259180.0,21599.0,0.0,7.2664569821208715,1791259450.835475,[],"{""1"": [{""pid"": 2287837, ""kind"": ""compute"", ""used_mem_bytes"": 38489030656}]}",11.5712890625
t2__all_gather__4gpu__Ring__LL128__67108864,2,0.0,True,all_gather,4gpu,4,Ring,LL128,Ring/LL128,67108864,ok,,266.0,23.0,0.0,7.230349277146161,1791259458.7444954,[],"{""1"": [{""pid"": 2287837, ""kind"": ""compute"", ""used_mem_bytes"": 38489030656}]}",11.205078125
t2__all_gather__4gpu__default__default__4096,2,0.0,True,all_gather,4gpu,4,default,default,auto/auto,4096,ok,,265781.0,22149.0,0.0,7.272882637567818,1791259466.6172464,[],"{""1"": [{""pid"": 2287837, ""kind"": ""compute"", ""used_mem_bytes"": 38489030656}]}",10.25732421875
t2__all_reduce__2gpu_nvlink__Ring__LL128__1048576,2,0.0,True,all_reduce,2gpu_nvlink,2,Ring,LL128,Ring/LL128,1048576,ok,,46875.0,3907.0,0.0,6.360031605698168,1791259474.531684,[],"{""1"": [{""pid"": 2287837, ""kind"": ""compute"", ""used_mem_bytes"": 38489030656}]}",9.8359375
t2__all_reduce__4gpu__default__default__1048576,2,0.0,True,all_reduce,4gpu,4,default,default,auto/auto,1048576,ok,,13090.0,1091.0,0.0,7.8459929544478655,1791259481.5263734,[],"{""1"": [{""pid"": 2287837, ""kind"": ""compute"", ""used_mem_bytes"": 38489030656}]}",9.251953125
t2__all_gather__2gpu_nvlink__Tree__LL128__4096,2,,True,all_gather,2gpu_nvlink,2,Tree,LL128,Tree/LL128,4096,not_run_probe_unsupported,,,,,,,null,null,
t2__all_gather__4gpu__default__LL128__1048576,2,0.0,True,all_gather,4gpu,4,default,LL128,auto/LL128,1048576,ok,,16476.0,1373.0,0.0,7.258730070665479,1791259490.0124989,[],"{""1"": [{""pid"": 2287837, ""kind"": ""compute"", ""used_mem_bytes"": 38489030656}]}",8.65869140625
t2__all_reduce__2gpu_nvlink__Ring__LL128__67108864,2,0.0,True,all_reduce,2gpu_nvlink,2,Ring,LL128,Ring/LL128,67108864,ok,,1283.0,107.0,0.0,6.370764332823455,1791259497.9084609,[],"{""1"": [{""pid"": 2287837, ""kind"": ""compute"", ""used_mem_bytes"": 38489030656}]}",8.4453125
t2__all_gather__2gpu_nvlink__default__LL128__67108864,2,0.0,True,all_gather,2gpu_nvlink,2,default,LL128,auto/LL128,67108864,ok,,2111.0,176.0,0.0,5.873669539578259,1791259504.9177172,[],"{""1"": [{""pid"": 2287837, ""kind"": ""compute"", ""used_mem_bytes"": 38489030656}]}",8.0888671875
t2__all_reduce__4gpu__default__default__4096,2,0.0,True,all_reduce,4gpu,4,default,default,auto/auto,4096,ok,,186191.0,15516.0,0.0,7.280280485749245,1791259511.4189155,[],"{""1"": [{""pid"": 2287837, ""kind"": ""compute"", ""used_mem_bytes"": 38489030656}]}",7.9345703125
t2__all_reduce__4gpu__default__LL128__1048576,2,0.0,True,all_reduce,4gpu,4,default,LL128,auto/LL128,1048576,ok,,9340.0,779.0,0.0,7.77742646727711,1791259519.342185,[],"{""1"": [{""pid"": 2287837, ""kind"": ""compute"", ""used_mem_bytes"": 38489030656}]}",7.53759765625
t2__reduce_scatter__4gpu__Ring__LL128__1048576,2,0.0,True,reduce_scatter,4gpu,4,Ring,LL128,Ring/LL128,1048576,ok,,18081.0,1507.0,0.0,7.76795629132539,1791259527.755613,[],"{""1"": [{""pid"": 2287837, ""kind"": ""compute"", ""used_mem_bytes"": 38489030656}]}",7.57470703125
t2__reduce_scatter__4gpu__Tree__default__67108864,2,,True,reduce_scatter,4gpu,4,Tree,default,Tree/auto,67108864,not_run_probe_unsupported,,,,,,,null,null,
t2__reduce_scatter__2gpu_nvlink__Tree__default__67108864,2,,True,reduce_scatter,2gpu_nvlink,2,Tree,default,Tree/auto,67108864,not_run_probe_unsupported,,,,,,,null,null,
t2__all_reduce__2gpu_nvlink__default__default__1048576,2,0.0,True,all_reduce,2gpu_nvlink,2,default,default,auto/auto,1048576,ok,,46101.0,3842.0,0.0,6.419767023064196,1791259536.1717134,[],"{""1"": [{""pid"": 2287837, ""kind"": ""compute"", ""used_mem_bytes"": 38489030656}]}",7.171875
