coll,gpu_set,n_gpus,size_bytes,placement,n_configs,configs_insufficient_trials,lat_opt,lat_opt_selected,lat_opt_pbest,lat_opt_mean,en_opt,en_opt_selected,en_opt_pbest,en_opt_mean,dyn_opt,dyn_opt_selected,dyn_opt_pbest,dyn_opt_mean,edp_opt,edp_opt_selected,edp_opt_pbest,edp_opt_mean,disagree_en,disagree_en_effective,en_penalty_of_lat_opt,en_penalty_of_lat_opt_lo,en_penalty_of_lat_opt_hi,lat_penalty_of_en_opt,lat_penalty_of_en_opt_lo,lat_penalty_of_en_opt_hi,disagree_en_resolved,disagree_dyn,disagree_dyn_effective,dyn_penalty_of_lat_opt,dyn_penalty_of_lat_opt_lo,dyn_penalty_of_lat_opt_hi,lat_penalty_of_dyn_opt,lat_penalty_of_dyn_opt_lo,lat_penalty_of_dyn_opt_hi,disagree_dyn_resolved,disagree_edp,disagree_edp_effective,edp_penalty_of_lat_opt,edp_penalty_of_lat_opt_lo,edp_penalty_of_lat_opt_hi,lat_penalty_of_edp_opt,lat_penalty_of_edp_opt_lo,lat_penalty_of_edp_opt_hi,disagree_edp_resolved
all_gather,2gpu_nvlink,2,4096,ip,4,,auto/auto,RING/LL[0-0],0.6095,5.819999999999999,auto/auto,RING/LL[0-0],0.7455,0.0011540874487520054,auto/auto,RING/LL[0-0],0.754,0.0008632252662360851,auto/auto,RING/LL[0-0],0.616,6.717119786617045e-09,False,False,0.0,-0.01893002272498312,0.01929528286816251,0.0,-0.010256410256409998,0.01036269430051795,False,False,False,0.0,-0.02206870173812292,0.022566719949905112,0.0,-0.010256410256409998,0.01036269430051795,False,False,False,0.0,-0.028992278902162827,0.029857928286485258,0.0,-0.010256410256409998,0.01036269430051795,False
all_gather,2gpu_nvlink,2,4096,oop,4,,auto/auto,RING/LL[0-0],0.6185,5.834999999999999,Ring/auto,RING/LL[0-0],1.0,0.0011488958039827346,Ring/auto,RING/LL[0-0],1.0,0.0008548140195204863,Ring/auto,RING/LL[0-0],1.0,6.7153669567356734e-09,True,False,0.01639837457882165,0.011873926241108723,0.020960248385693436,0.001713796058269157,-0.00511945392491453,0.008605851979345935,False,True,False,0.021303181561170836,0.014822106323360895,0.027860899301693554,0.001713796058269157,-0.00511945392491453,0.008605851979345935,False,True,False,0.014650255579210958,0.003240189669085458,0.02621390318013095,0.001713796058269157,-0.00511945392491453,0.008605851979345935,False
all_gather,2gpu_nvlink,2,1048576,ip,4,,auto/LL128,RING/LL128[0-3],0.7075,32.18,auto/LL128,RING/LL128[0-3],1.0,0.007347734697330573,auto/LL128,RING/LL128[0-3],1.0,0.005740755153947064,auto/LL128,RING/LL128[0-3],1.0,2.364474941106035e-07,False,False,0.0,-0.023389918929186182,0.023950110061878638,0.0,-0.0018627755355480335,0.0018662519440124647,False,False,False,0.0,-0.030411209345907797,0.03136505871256223,0.0,-0.0018627755355480335,0.0018662519440124647,False,False,False,0.0,-0.021567318466845675,0.0220427208472338,0.0,-0.0018627755355480335,0.0018662519440124647,False
all_gather,2gpu_nvlink,2,1048576,oop,4,,auto/LL128,RING/LL128[0-3],0.7435,32.78,Ring/LL128,RING/LL128[0-3],0.7295,0.007624173047872064,Ring/LL128,RING/LL128[0-3],0.7405,0.005973610232779775,Ring/LL128,RING/LL128[0-3],0.6285,2.5026405948846174e-07,True,False,0.0018119388819517468,-0.010570654064439466,0.014219642036112257,0.0013727882855401052,-0.0018287107589149976,0.004580152671755711,False,True,False,0.0030121418062498684,-0.012107745424243532,0.0181428009204867,0.0013727882855401052,-0.0018287107589149976,0.004580152671755711,False,True,False,0.0004466341698696752,-0.015081730109738234,0.016077754357399776,0.0013727882855401052,-0.0018287107589149976,0.004580152671755711,False
all_gather,2gpu_nvlink,2,67108864,ip,4,,Ring/auto,RING/SIMPLE[0-3],1.0,941.5150000000001,auto/auto,RING/SIMPLE[0-3],1.0,0.25676719878373244,auto/auto,RING/SIMPLE[0-3],1.0,0.2097054696656891,auto/auto,RING/SIMPLE[0-3],1.0,0.00024193735860129228,True,False,0.0114193680252479,0.0008983675411433634,0.021996787785920402,0.0007753461176931431,4.247005860857911e-05,0.0015087283120305273,False,True,False,0.014136464197083587,0.001284175491955697,0.027073847378227933,0.0007753461176931431,4.247005860857911e-05,0.0015087283120305273,False,True,False,0.010639528126282105,0.00016513201899259755,0.021161938244121714,0.0007753461176931431,4.247005860857911e-05,0.0015087283120305273,False
all_gather,2gpu_nvlink,2,67108864,oop,4,,Ring/auto,RING/SIMPLE[0-3],0.7925,967.7449999999999,Ring/auto,RING/SIMPLE[0-3],1.0,0.26872508525956795,Ring/auto,RING/SIMPLE[0-3],1.0,0.22008018803347135,Ring/auto,RING/SIMPLE[0-3],1.0,0.0002600576929158772,False,False,0.0,-0.004568162985077229,0.004589126864553705,0.0,-0.0011256958142704665,0.0011269644334159779,False,False,False,0.0,-0.005967333954510767,0.006003156795893139,0.0,-0.0011256958142704665,0.0011269644334159779,False,False,False,0.0,-0.005688716437396546,0.005721263080726624,0.0,-0.0011256958142704665,0.0011269644334159779,False
all_gather,4gpu,4,4096,ip,4,,Ring/auto,RING/LL[0-0],1.0,8.52,auto/auto,RING/LL[0-0],0.7445,0.003339966311256208,auto/auto,RING/LL[0-0],0.747,0.0024653403459642814,Ring/auto,RING/LL[0-0],0.6385,2.8476601205930643e-08,True,False,0.0007065519950379962,-0.0014800983071915352,0.0029004608931526565,0.0011737089201877549,0.0,0.00235017626321965,False,True,False,0.0012631205090010145,-0.0021528294226893507,0.004700490486611475,0.0011737089201877549,0.0,0.00235017626321965,False,False,False,0.0,-0.001283144850599327,0.0012847934266688732,0.0,-0.0023446658851112856,0.00235017626321965,False
all_gather,4gpu,4,4096,oop,4,,auto/auto,RING/LL[0-0],0.6575,8.549999999999999,auto/auto,RING/LL[0-0],0.6185,0.003317155211336089,auto/auto,RING/LL[0-0],0.6415,0.002432499559177539,auto/auto,RING/LL[0-0],0.623,2.8362021810856805e-08,False,False,0.0,-0.020572310848829267,0.021004420312701555,0.0,-0.002336448598130758,0.0023419203747072626,False,False,False,0.0,-0.028142263726003813,0.028957184447487627,0.0,-0.002336448598130758,0.0023419203747072626,False,False,False,0.0,-0.022860693300116974,0.023395531367297995,0.0,-0.002336448598130758,0.0023419203747072626,False
all_gather,4gpu,4,1048576,ip,4,,Ring/auto,RING/SIMPLE[0-7],0.7385,99.93,Ring/auto,RING/SIMPLE[0-7],0.8005,0.04332172707546411,Ring/auto,RING/SIMPLE[0-7],0.9415,0.03306726535848221,Ring/auto,RING/SIMPLE[0-7],0.747,4.329135840834204e-06,False,False,0.0,-0.002004288417381317,0.002008313657182903,0.0,-0.0019994001799460426,0.002003405789842816,False,False,False,0.0,-0.003925818275068438,0.003941291067568908,0.0,-0.0019994001799460426,0.002003405789842816,False,False,False,0.0,-4.898030558586619e-06,4.898054549284936e-06,0.0,-0.0019994001799460426,0.002003405789842816,False
all_gather,4gpu,4,1048576,oop,4,,Ring/auto,RING/SIMPLE[0-7],0.9355,100.31,Ring/auto,RING/SIMPLE[0-7],1.0,0.042929900345575825,Ring/auto,RING/SIMPLE[0-7],1.0,0.03257082454310899,Ring/auto,RING/SIMPLE[0-7],1.0,4.306291936831953e-06,False,False,0.0,-0.009838539168339211,0.009936297823665674,0.0,-0.0005979669124975828,0.0005983246908656259,False,False,False,0.0,-0.014721175847957624,0.01494112680299109,0.0,-0.0005979669124975828,0.0005983246908656259,False,False,False,0.0,-0.00924610111838009,0.009332389333836844,0.0,-0.0005979669124975828,0.0005983246908656259,False
all_gather,4gpu,4,67108864,ip,4,,Ring/auto,RING/SIMPLE[0-7],0.6455,5379.179999999999,Ring/auto,RING/SIMPLE[0-7],1.0,2.3880692771084338,Ring/auto,RING/SIMPLE[0-7],1.0,1.8363635802031881,Ring/auto,RING/SIMPLE[0-7],1.0,0.012845943740522088,False,False,0.0,-0.006833783611656652,0.006880805547844648,0.0,-0.004044466872476726,0.004060891011645973,False,False,False,0.0,-0.010348243889226616,0.010456449781783839,0.0,-0.004044466872476726,0.004060891011645973,False,False,False,0.0,-0.01085061147270261,0.010969638760892853,0.0,-0.004044466872476726,0.004060891011645973,False
all_gather,4gpu,4,67108864,oop,4,,Ring/auto,RING/SIMPLE[0-7],0.685,5359.179999999999,auto/auto,RING/SIMPLE[0-7],0.7605,2.386410367170626,auto/auto,RING/SIMPLE[0-7],0.8125,1.8326475120238352,auto/auto,RING/SIMPLE[0-7],0.7355,0.0127956153687257,True,False,0.00393302748657498,-0.0047282048132674115,0.012705656446131197,0.0004963445900307839,-0.0008578584496259367,0.0018520696691852745,False,True,False,0.005405021322535841,-0.005453918133690561,0.0164415374023843,0.0004963445900307839,-0.0008578584496259367,0.0018520696691852745,False,True,False,0.003431188042452682,-0.00656810988535006,0.013575160461864355,0.0004963445900307839,-0.0008578584496259367,0.0018520696691852745,False
all_reduce,2gpu_nvlink,2,4096,ip,6,,auto/auto,RING/LL[0-0],0.76,6.404999999999999,auto/auto,RING/LL[0-0],0.621,0.0012755054977926358,auto/auto,RING/LL[0-0],0.62,0.0009557827586430066,auto/auto,RING/LL[0-0],0.6425,8.169678035192697e-09,False,False,0.0,-0.020277311363770423,0.02069699068824926,0.0,-0.0015600624024960652,0.0015624999999999112,False,False,False,0.0,-0.0265998749901194,0.02732676348264218,0.0,-0.0015600624024960652,0.0015624999999999112,False,False,False,0.0,-0.021805739895184195,0.022291829736199587,0.0,-0.0015600624024960652,0.0015624999999999112,False
all_reduce,2gpu_nvlink,2,4096,oop,6,,Ring/auto,RING/LL[0-0],0.6195,6.42,auto/auto,RING/LL[0-0],0.9445,0.0012593736092473447,auto/auto,RING/LL[0-0],0.9335,0.0009353828622462436,auto/auto,RING/LL[0-0],0.818,8.085089352472187e-09,True,False,0.007878277633128539,-0.0039539128548324864,0.019879311900215413,0.0,-0.004658385093167849,0.004687499999999956,False,True,False,0.012636401895186111,-0.003265619051385227,0.028860740864176115,0.0,-0.004658385093167849,0.004687499999999956,False,True,False,0.007904277653979497,-0.0055078069065411794,0.021465438357292088,0.0,-0.004658385093167849,0.004687499999999956,False
all_reduce,2gpu_nvlink,2,1048576,ip,6,,Ring/LL128,RING/LL128[0-3],0.943,49.18,Ring/auto,RING/SIMPLE[0-3],0.7555,0.011378909785778941,Ring/auto,RING/SIMPLE[0-3],0.754,0.008901827250919772,Ring/auto,RING/SIMPLE[0-3],0.742,5.642801027858796e-07,True,True,0.03938642828203287,0.03902350954164713,0.039749560716932475,0.008336722244814965,0.007928440739987774,0.008745169818995313,True,True,True,0.05263575669059839,0.05205758709826358,0.05321438365549369,0.008336722244814965,0.007928440739987774,0.008745169818995313,True,True,True,0.030793043067076642,0.030544582430571454,0.031041549757921727,0.008336722244814965,0.007928440739987774,0.008745169818995313,True
all_reduce,2gpu_nvlink,2,1048576,oop,6,,Ring/LL128,RING/LL128[0-3],1.0,49.3,auto/auto,RING/SIMPLE[0-3],0.6865,0.011411018561159723,auto/auto,RING/SIMPLE[0-3],0.677,0.008896737287849992,auto/auto,RING/SIMPLE[0-3],0.6985,5.694168821456461e-07,True,True,0.04745275728722387,0.04017679748304026,0.05482938767671741,0.01217038539553772,0.009935117599351395,0.014407467532467688,True,True,True,0.06463026103189184,0.055358576521614244,0.07405807803356912,0.01217038539553772,0.009935117599351395,0.014407467532467688,True,True,True,0.03484525961005125,0.02565676983395737,0.04419454600658401,0.01217038539553772,0.009935117599351395,0.014407467532467688,True
all_reduce,2gpu_nvlink,2,67108864,ip,6,,Tree/auto,TREE/SIMPLE[0-3],1.0,1511.3899999999999,Tree/auto,TREE/SIMPLE[0-3],1.0,0.4378788495061011,Tree/auto,TREE/SIMPLE[0-3],1.0,0.3623899959916001,Tree/auto,TREE/SIMPLE[0-3],1.0,0.0006618061588204531,False,False,0.0,-0.006527285641162117,0.006570171024147919,0.0,-0.0004101342859034185,0.0004103025650528114,False,False,False,0.0,-0.007741668514150035,0.007802069550333135,0.0,-0.0004101342859034185,0.0004103025650528114,False,False,False,0.0,-0.006934742863429988,0.006983169347224649,0.0,-0.0004101342859034185,0.0004103025650528114,False
all_reduce,2gpu_nvlink,2,67108864,oop,6,,Tree/auto,TREE/SIMPLE[0-3],1.0,1512.48,Tree/auto,TREE/SIMPLE[0-3],1.0,0.43261446833236494,Tree/auto,TREE/SIMPLE[0-3],1.0,0.3566401796289177,Tree/auto,TREE/SIMPLE[0-3],1.0,0.0006543202903980244,False,False,0.0,-0.0035676936690530736,0.0035804676809305658,0.0,-0.0007534450282541405,0.0007540131357024471,False,False,False,0.0,-0.004621628510178888,0.004643087134052815,0.0,-0.0007534450282541405,0.0007540131357024471,False,False,False,0.0,-0.002816370621241293,0.0028243249671033865,0.0,-0.0007534450282541405,0.0007540131357024471,False
all_reduce,4gpu,4,4096,ip,6,,Ring/auto,RING/LL[0-0],0.666,11.879999999999999,Ring/auto,RING/LL[0-0],1.0,0.004587719517374035,Ring/auto,RING/LL[0-0],1.0,0.0033697255683048277,Ring/auto,RING/LL[0-0],1.0,5.450206839699233e-08,False,False,0.0,-0.0017191758836619941,0.0017221365392687815,0.0,-0.001682085786375187,0.0016849199663018233,False,False,False,0.0,-0.0051130515042902,0.005139329158977635,0.0,-0.001682085786375187,0.0016849199663018233,False,False,False,0.0,-3.715259113223901e-05,3.7153971498504745e-05,0.0,-0.001682085786375187,0.0016849199663018233,False
all_reduce,4gpu,4,4096,oop,6,,Ring/auto,RING/LL[0-0],0.8145,11.884999999999998,Ring/auto,RING/LL[0-0],0.756,0.004605353351152856,Ring/auto,RING/LL[0-0],0.752,0.0033747488657459765,Ring/auto,RING/LL[0-0],0.7495,5.473467565137019e-08,False,False,0.0,-0.004426143799339588,0.0044458216452476496,0.0,-0.000841042893187538,0.0008417508417508657,False,False,False,0.0,-0.007441115581920732,0.007496900887933977,0.0,-0.000841042893187538,0.0008417508417508657,False,False,False,0.0,-0.005263464115740524,0.005291314761110666,0.0,-0.000841042893187538,0.0008417508417508657,False
all_reduce,4gpu,4,1048576,ip,6,,Tree/auto,TREE/SIMPLE[0-7],1.0,129.79,Tree/auto,TREE/SIMPLE[0-7],1.0,0.05632243816254416,Tree/auto,TREE/SIMPLE[0-7],1.0,0.04300732208572057,Tree/auto,TREE/SIMPLE[0-7],1.0,7.310243553760726e-06,False,False,0.0,-0.010285194580544998,0.010392079136560817,0.0,-0.008133824432167036,0.008200526071483916,False,False,False,0.0,-0.010169806334246245,0.010274293913568489,0.0,-0.008133824432167036,0.008200526071483916,False,False,False,0.0,-0.01833536104574318,0.018677825723941055,0.0,-0.008133824432167036,0.008200526071483916,False
all_reduce,4gpu,4,1048576,oop,6,,Tree/auto,TREE/SIMPLE[0-7],1.0,130.44,Tree/auto,TREE/SIMPLE[0-7],1.0,0.056684124179707224,Tree/auto,TREE/SIMPLE[0-7],1.0,0.04321156597270434,Tree/auto,TREE/SIMPLE[0-7],1.0,7.393997757445734e-06,False,False,0.0,-0.006525011805557868,0.006567867216684009,0.0,-0.009916851018384354,0.0100161799830496,False,False,False,0.0,-0.0030841415157065732,0.0030936828714869247,0.0,-0.009916851018384354,0.0100161799830496,False,False,False,0.0,-0.01637715525397332,0.016649832139880694,0.0,-0.009916851018384354,0.0100161799830496,False
all_reduce,4gpu,4,67108864,ip,6,,Tree/auto,TREE/SIMPLE[0-7],1.0,6815.254999999999,Tree/auto,TREE/SIMPLE[0-7],1.0,3.0722539062500003,Tree/auto,TREE/SIMPLE[0-7],1.0,2.3745192953883576,Tree/auto,TREE/SIMPLE[0-7],1.0,0.020938335356289063,False,False,0.0,-0.007528270068560827,0.007585374818767754,0.0,-0.0035723439937311863,0.0035851513877578345,False,False,False,0.0,-0.010271987786566683,0.0103785966041261,0.0,-0.0035723439937311863,0.0035851513877578345,False,False,False,0.0,-0.01107372049192945,0.011197720923583843,0.0,-0.0035723439937311863,0.0035851513877578345,False
all_reduce,4gpu,4,67108864,oop,6,,Tree/auto,TREE/SIMPLE[0-7],1.0,6802.049999999999,Tree/auto,TREE/SIMPLE[0-7],1.0,3.0763046875000004,Tree/auto,TREE/SIMPLE[0-7],1.0,2.3734086218434536,Tree/auto,TREE/SIMPLE[0-7],1.0,0.02092557153986979,False,False,0.0,-0.010954641621071404,0.011075974957333035,0.0,-0.006801206107899249,0.006847779266069054,False,False,False,0.0,-0.014933140716540172,0.015159519961317702,0.0,-0.006801206107899249,0.006847779266069054,False,False,False,0.0,-0.01768134295346757,0.0179996000550664,0.0,-0.006801206107899249,0.006847779266069054,False
reduce_scatter,2gpu_nvlink,2,4096,ip,4,,Ring/auto,RING/LL[0-0],0.756,5.735,Ring/auto,RING/LL[0-0],0.696,0.0011413341190730443,Ring/auto,RING/LL[0-0],0.6265,0.0008548102384854699,Ring/auto,RING/LL[0-0],0.6225,6.545571136687469e-09,False,False,0.0,-0.0069722640449478845,0.007021217829572768,0.0,-0.0017421602787456303,0.0017452006980802626,False,False,False,0.0,-0.008470071514106392,0.00854242647727288,0.0,-0.0017421602787456303,0.0017452006980802626,False,False,False,0.0,-0.008702277522221524,0.008778671961910511,0.0,-0.0017421602787456303,0.0017452006980802626,False
reduce_scatter,2gpu_nvlink,2,4096,oop,4,,Ring/auto,RING/LL[0-0],0.699,5.75,Ring/auto,RING/LL[0-0],0.8005,0.00113680182117361,Ring/auto,RING/LL[0-0],0.936,0.0008469990701112785,Ring/auto,RING/LL[0-0],0.822,6.536641414895864e-09,False,False,0.0,-0.00542911702753468,0.005458753237686409,0.0,-0.003472222222222099,0.0034843205574912606,False,False,False,0.0,-0.00641617726271182,0.00645761043596238,0.0,-0.003472222222222099,0.0034843205574912606,False,False,False,0.0,-0.00888248814896675,0.008962093841302199,0.0,-0.003472222222222099,0.0034843205574912606,False
reduce_scatter,2gpu_nvlink,2,1048576,ip,4,,auto/auto,RING/SIMPLE[0-3],0.8225,35.875,Ring/auto,RING/SIMPLE[0-3],1.0,0.007832405353284905,Ring/auto,RING/SIMPLE[0-3],1.0,0.00603838708748341,Ring/auto,RING/SIMPLE[0-3],1.0,2.813003831542622e-07,True,False,0.008598175934462438,0.00013152672657534836,0.017130675197517542,0.00111498257839715,-0.0005567928730513261,0.002790957298353547,False,True,False,0.011504597115586046,0.000183574100791839,0.022940907496983742,0.00111498257839715,-0.0005567928730513261,0.002790957298353547,False,True,False,0.007470734875600904,0.0006887030645845726,0.014299807746369408,0.00111498257839715,-0.0005567928730513261,0.002790957298353547,False
reduce_scatter,2gpu_nvlink,2,1048576,oop,4,,auto/auto,RING/SIMPLE[0-3],0.6195,35.864999999999995,auto/auto,RING/SIMPLE[0-3],0.7385,0.007867760697393027,auto/auto,RING/SIMPLE[0-3],0.7435,0.006063483435855457,auto/auto,RING/SIMPLE[0-3],0.7385,2.821699385381146e-07,False,False,0.0,-0.033174760852303975,0.03431308938681532,0.0,-0.003062360801781905,0.003071767662664149,False,False,False,0.0,-0.044237114502448494,0.0462846121916729,0.0,-0.003062360801781905,0.003071767662664149,False,False,False,0.0,-0.03020489834724238,0.03114564952510701,0.0,-0.003062360801781905,0.003071767662664149,False
reduce_scatter,2gpu_nvlink,2,67108864,ip,4,,Ring/auto,RING/SIMPLE[0-3],0.804,1044.315,Ring/auto,RING/SIMPLE[0-3],0.7465,0.2934395627062706,Ring/auto,RING/SIMPLE[0-3],0.757,0.24128030580296067,Ring/auto,RING/SIMPLE[0-3],0.7425,0.00030644627926361385,False,False,0.0,-0.017985320835051555,0.01831471689440045,0.0,-0.002113982896826183,0.002118461287756057,False,False,False,0.0,-0.021444453418674625,0.02191439565550768,0.0,-0.002113982896826183,0.002118461287756057,False,False,False,0.0,-0.020061283071238445,0.020471977200893443,0.0,-0.002113982896826183,0.002118461287756057,False
reduce_scatter,2gpu_nvlink,2,67108864,oop,4,,Ring/auto,RING/SIMPLE[0-3],1.0,1046.185,Ring/auto,RING/SIMPLE[0-3],1.0,0.2845369224422442,Ring/auto,RING/SIMPLE[0-3],0.9345,0.23194260898959196,Ring/auto,RING/SIMPLE[0-3],1.0,0.0002976821184385313,False,False,0.0,-0.03575115589281064,0.037076690432450654,0.0,-0.0014232088105223806,0.0014252372206919883,False,False,False,0.0,-0.04342796289395201,0.04539957390489513,0.0,-0.0014232088105223806,0.0014252372206919883,False,False,False,0.0,-0.03712348334327975,0.038554770732366794,0.0,-0.0014232088105223806,0.0014252372206919883,False
reduce_scatter,4gpu,4,4096,ip,4,,Ring/auto,RING/LL[0-0],0.8205,8.465,auto/auto,RING/LL[0-0],0.9415,0.0033000974475578277,auto/auto,RING/LL[0-0],0.943,0.0024316715392047493,auto/auto,RING/LL[0-0],0.945,2.7951627374215716e-08,True,False,0.0068895454827047065,-0.0036584322606335595,0.017564863484277993,0.0005906674542233148,-0.0011806375442738881,0.0023640661938533203,False,True,False,0.009545666003988096,-0.0036597724153403233,0.022957902919266582,0.0005906674542233148,-0.0011806375442738881,0.0023640661938533203,False,True,False,0.006299590459004634,-0.0024807235517217974,0.015164946353418918,0.0005906674542233148,-0.0011806375442738881,0.0023640661938533203,False
reduce_scatter,4gpu,4,4096,oop,4,,auto/auto,RING/LL[0-0],0.931,8.475000000000001,Ring/auto,RING/LL[0-0],0.9335,0.003288575541269284,Ring/auto,RING/LL[0-0],0.934,0.002408779516480185,Ring/auto,RING/LL[0-0],0.677,2.7936688634996576e-08,True,False,0.007195677817226631,-0.0025176585712085586,0.017003759585567657,0.0023598820058996495,-0.0011778563015312216,0.005910165484633412,False,True,False,0.010599936280964117,-0.003239259410779516,0.024647075491802672,0.0023598820058996495,-0.0011778563015312216,0.005910165484633412,False,True,False,0.00482440252090055,-0.008378306875725494,0.01820305647187137,0.0023598820058996495,-0.0011778563015312216,0.005910165484633412,False
reduce_scatter,4gpu,4,1048576,ip,4,,auto/auto,RING/SIMPLE[0-7],1.0,98.16,Ring/auto,RING/SIMPLE[0-7],0.692,0.04115493009565857,Ring/auto,RING/SIMPLE[0-7],0.8275,0.031007417002366207,auto/auto,RING/SIMPLE[0-7],0.627,4.065895610147475e-06,True,False,0.006464379759843819,-0.011958391272712587,0.025282097577444373,0.009117766911165504,0.0029531568228102767,0.015287403179779835,False,True,False,0.011514031207549458,-0.010929046702314205,0.034552214234071066,0.009117766911165504,0.0029531568228102767,0.015287403179779835,False,False,False,0.0,-0.01646479713053317,0.01674042482922533,0.0,-0.0008146639511201759,0.0008153281695881809,False
reduce_scatter,4gpu,4,1048576,oop,4,,auto/auto,RING/SIMPLE[0-7],0.9445,98.49000000000001,Ring/auto,RING/SIMPLE[0-7],0.636,0.04102912067696836,Ring/auto,RING/SIMPLE[0-7],0.692,0.03079844404088038,auto/auto,RING/SIMPLE[0-7],0.736,4.042044946511806e-06,True,False,0.0002745101433154762,-0.007313993031770161,0.007932912706599904,0.006244288760280048,0.0,0.012511443393347532,False,True,False,0.0029601630641906684,-0.007502638428950936,0.013534424836998848,0.006244288760280048,0.0,0.012511443393347532,False,False,False,0.0,-0.002415307420199464,0.0024211552544510795,0.0,-0.00364852538765581,0.0036618858712236246,False
reduce_scatter,4gpu,4,67108864,ip,4,,auto/auto,RING/SIMPLE[0-7],0.622,5393.85,Ring/auto,RING/SIMPLE[0-7],0.677,2.394542574257426,Ring/auto,RING/SIMPLE[0-7],0.8025,1.8419646091588007,Ring/auto,RING/SIMPLE[0-7],0.6805,0.012921642345425742,True,False,0.008328331684132717,-0.011092660315756286,0.028165460203045667,0.0004579289375861162,-0.003090538737093529,0.004027789141705318,False,True,False,0.010638479659526467,-0.014182430465102147,0.0362039662850131,0.0004579289375861162,-0.003090538737093529,0.004027789141705318,False,True,False,0.007899550717290982,-0.013971367245607325,0.03021444069158763,0.0004579289375861162,-0.003090538737093529,0.004027789141705318,False
reduce_scatter,4gpu,4,67108864,oop,4,,auto/auto,RING/SIMPLE[0-7],0.6365,5397.47,Ring/auto,RING/SIMPLE[0-7],1.0,2.377922772277228,Ring/auto,RING/SIMPLE[0-7],0.8205,1.8217715047890208,Ring/auto,RING/SIMPLE[0-7],0.9385,0.0128370849119802,True,False,0.00795088596760074,0.0003129857934254243,0.01570546820087837,0.00019546194791253413,-0.0046314257106016,0.005050242292713447,False,True,False,0.010197848098724593,-0.002684489907476051,0.02337536430092002,0.00019546194791253413,-0.0046314257106016,0.005050242292713447,False,True,False,0.007769031532320447,-0.0008065285495684194,0.016441554691301485,0.00019546194791253413,-0.0046314257106016,0.005050242292713447,False
