coll,gpu_set,n_gpus,size_bytes,placement,energy_metric,config,selected,t_op_us,energy_j,on_front
all_gather,2gpu_nvlink,2,4096,ip,e_op_j,Ring/LL128,RING/LL128[0-0],11.075,0.0022193227804286515,False
all_gather,2gpu_nvlink,2,4096,ip,e_op_j,Ring/auto,RING/LL[0-0],5.829999999999999,0.0011581081783897575,False
all_gather,2gpu_nvlink,2,4096,ip,e_op_j,auto/LL128,RING/LL128[0-0],11.07,0.0022086935258500235,False
all_gather,2gpu_nvlink,2,4096,ip,e_op_j,auto/auto,RING/LL[0-0],5.819999999999999,0.0011540874487520054,True
all_gather,2gpu_nvlink,2,4096,ip,e_op_dyn_j,Ring/LL128,RING/LL128[0-0],11.075,0.001666219005454201,False
all_gather,2gpu_nvlink,2,4096,ip,e_op_dyn_j,Ring/auto,RING/LL[0-0],5.829999999999999,0.0008669426518512519,False
all_gather,2gpu_nvlink,2,4096,ip,e_op_dyn_j,auto/LL128,RING/LL128[0-0],11.07,0.0016556364558499982,False
all_gather,2gpu_nvlink,2,4096,ip,e_op_dyn_j,auto/auto,RING/LL[0-0],5.819999999999999,0.0008632252662360851,True
all_gather,2gpu_nvlink,2,4096,oop,e_op_j,Ring/LL128,RING/LL128[0-0],11.45,0.0022587800197925037,False
all_gather,2gpu_nvlink,2,4096,oop,e_op_j,Ring/auto,RING/LL[0-0],5.845,0.0011488958039827346,True
all_gather,2gpu_nvlink,2,4096,oop,e_op_j,auto/LL128,RING/LL128[0-0],11.415,0.0022836585933861202,False
all_gather,2gpu_nvlink,2,4096,oop,e_op_j,auto/auto,RING/LL[0-0],5.834999999999999,0.00116773582772848,True
all_gather,2gpu_nvlink,2,4096,oop,e_op_dyn_j,Ring/LL128,RING/LL128[0-0],11.45,0.001682512055590712,False
all_gather,2gpu_nvlink,2,4096,oop,e_op_dyn_j,Ring/auto,RING/LL[0-0],5.845,0.0008548140195204863,True
all_gather,2gpu_nvlink,2,4096,oop,e_op_dyn_j,auto/LL128,RING/LL128[0-0],11.415,0.0017094006312356406,False
all_gather,2gpu_nvlink,2,4096,oop,e_op_dyn_j,auto/auto,RING/LL[0-0],5.834999999999999,0.0008730242777793654,True
all_gather,2gpu_nvlink,2,1048576,ip,e_op_j,Ring/LL128,RING/LL128[0-3],32.205,0.007460150023441163,False
all_gather,2gpu_nvlink,2,1048576,ip,e_op_j,Ring/auto,RING/SIMPLE[0-3],35.72,0.008054374488961569,False
all_gather,2gpu_nvlink,2,1048576,ip,e_op_j,auto/LL128,RING/LL128[0-3],32.18,0.007347734697330573,True
all_gather,2gpu_nvlink,2,1048576,ip,e_op_j,auto/auto,RING/SIMPLE[0-3],35.78,0.008033781866515328,False
all_gather,2gpu_nvlink,2,1048576,ip,e_op_dyn_j,Ring/LL128,RING/LL128[0-3],32.205,0.005851743455529171,False
all_gather,2gpu_nvlink,2,1048576,ip,e_op_dyn_j,Ring/auto,RING/SIMPLE[0-3],35.72,0.00627020362743797,False
all_gather,2gpu_nvlink,2,1048576,ip,e_op_dyn_j,auto/LL128,RING/LL128[0-3],32.18,0.005740755153947064,True
all_gather,2gpu_nvlink,2,1048576,ip,e_op_dyn_j,auto/auto,RING/SIMPLE[0-3],35.78,0.006246323211806447,False
all_gather,2gpu_nvlink,2,1048576,oop,e_op_j,Ring/LL128,RING/LL128[0-3],32.825,0.007624173047872064,True
all_gather,2gpu_nvlink,2,1048576,oop,e_op_j,Ring/auto,RING/SIMPLE[0-3],37.3,0.00846023742466915,False
all_gather,2gpu_nvlink,2,1048576,oop,e_op_j,auto/LL128,RING/LL128[0-3],32.78,0.007637987583460231,True
all_gather,2gpu_nvlink,2,1048576,oop,e_op_j,auto/auto,RING/SIMPLE[0-3],37.364999999999995,0.00852936871817082,False
all_gather,2gpu_nvlink,2,1048576,oop,e_op_dyn_j,Ring/LL128,RING/LL128[0-3],32.825,0.005973610232779775,True
all_gather,2gpu_nvlink,2,1048576,oop,e_op_dyn_j,Ring/auto,RING/SIMPLE[0-3],37.3,0.006585593732638269,False
all_gather,2gpu_nvlink,2,1048576,oop,e_op_dyn_j,auto/LL128,RING/LL128[0-3],32.78,0.005991603593896173,True
all_gather,2gpu_nvlink,2,1048576,oop,e_op_dyn_j,auto/auto,RING/SIMPLE[0-3],37.364999999999995,0.0066473012526146276,False
all_gather,2gpu_nvlink,2,67108864,ip,e_op_j,Ring/LL128,RING/LL128[0-3],988.52,0.27372011343804536,False
all_gather,2gpu_nvlink,2,67108864,ip,e_op_j,Ring/auto,RING/SIMPLE[0-3],941.5150000000001,0.25969931792345585,True
all_gather,2gpu_nvlink,2,67108864,ip,e_op_j,auto/LL128,RING/LL128[0-3],987.845,0.2730703979011806,False
all_gather,2gpu_nvlink,2,67108864,ip,e_op_j,auto/auto,RING/SIMPLE[0-3],942.245,0.25676719878373244,True
all_gather,2gpu_nvlink,2,67108864,ip,e_op_dyn_j,Ring/LL128,RING/LL128[0-3],988.52,0.22434288701540858,False
all_gather,2gpu_nvlink,2,67108864,ip,e_op_dyn_j,Ring/auto,RING/SIMPLE[0-3],941.5150000000001,0.2126699635295507,True
all_gather,2gpu_nvlink,2,67108864,ip,e_op_dyn_j,auto/LL128,RING/LL128[0-3],987.845,0.2237240022863797,False
all_gather,2gpu_nvlink,2,67108864,ip,e_op_dyn_j,auto/auto,RING/SIMPLE[0-3],942.245,0.2097054696656891,True
all_gather,2gpu_nvlink,2,67108864,oop,e_op_j,Ring/LL128,RING/LL128[0-3],1084.6799999999998,0.3103994328097731,False
all_gather,2gpu_nvlink,2,67108864,oop,e_op_j,Ring/auto,RING/SIMPLE[0-3],967.7449999999999,0.26872508525956795,True
all_gather,2gpu_nvlink,2,67108864,oop,e_op_j,auto/LL128,RING/LL128[0-3],1084.145,0.30752448622649764,False
all_gather,2gpu_nvlink,2,67108864,oop,e_op_j,auto/auto,RING/SIMPLE[0-3],968.115,0.270975104522995,False
all_gather,2gpu_nvlink,2,67108864,oop,e_op_dyn_j,Ring/LL128,RING/LL128[0-3],1084.6799999999998,0.25586632281453403,False
all_gather,2gpu_nvlink,2,67108864,oop,e_op_dyn_j,Ring/auto,RING/SIMPLE[0-3],967.7449999999999,0.22008018803347135,True
all_gather,2gpu_nvlink,2,67108864,oop,e_op_dyn_j,auto/LL128,RING/LL128[0-3],1084.145,0.2530204118114614,False
all_gather,2gpu_nvlink,2,67108864,oop,e_op_dyn_j,auto/auto,RING/SIMPLE[0-3],968.115,0.2223470539181615,False
all_gather,4gpu,4,4096,ip,e_op_j,Ring/LL128,RING/LL128[0-0],17.505,0.006859808195292066,False
all_gather,4gpu,4,4096,ip,e_op_j,Ring/auto,RING/LL[0-0],8.52,0.0033423261711167857,True
all_gather,4gpu,4,4096,ip,e_op_j,auto/LL128,RING/LL128[0-0],17.505000000000003,0.006873097998122558,False
all_gather,4gpu,4,4096,ip,e_op_j,auto/auto,RING/LL[0-0],8.53,0.003339966311256208,True
all_gather,4gpu,4,4096,ip,e_op_dyn_j,Ring/LL128,RING/LL128[0-0],17.505,0.005065058890888608,False
all_gather,4gpu,4,4096,ip,e_op_dyn_j,Ring/auto,RING/LL[0-0],8.52,0.0024684543679169366,True
all_gather,4gpu,4,4096,ip,e_op_dyn_j,auto/LL128,RING/LL128[0-0],17.505000000000003,0.005078292430184768,False
all_gather,4gpu,4,4096,ip,e_op_dyn_j,auto/auto,RING/LL[0-0],8.53,0.0024653403459642814,True
all_gather,4gpu,4,4096,oop,e_op_j,Ring/LL128,RING/LL128[0-0],17.845,0.007007134553908748,False
all_gather,4gpu,4,4096,oop,e_op_j,Ring/auto,RING/LL[0-0],8.555,0.003321206358025351,False
all_gather,4gpu,4,4096,oop,e_op_j,auto/LL128,RING/LL128[0-0],17.875,0.006947679030133677,False
all_gather,4gpu,4,4096,oop,e_op_j,auto/auto,RING/LL[0-0],8.549999999999999,0.003317155211336089,True
all_gather,4gpu,4,4096,oop,e_op_dyn_j,Ring/LL128,RING/LL128[0-0],17.845,0.0051561709399197434,False
all_gather,4gpu,4,4096,oop,e_op_dyn_j,Ring/auto,RING/LL[0-0],8.555,0.0024353442103082924,False
all_gather,4gpu,4,4096,oop,e_op_dyn_j,auto/LL128,RING/LL128[0-0],17.875,0.005095622757238728,False
all_gather,4gpu,4,4096,oop,e_op_dyn_j,auto/auto,RING/LL[0-0],8.549999999999999,0.002432499559177539,True
all_gather,4gpu,4,1048576,ip,e_op_j,Ring/LL128,RING/LL128[0-7],136.22500000000002,0.06147512664640325,False
all_gather,4gpu,4,1048576,ip,e_op_j,Ring/auto,RING/SIMPLE[0-7],99.93,0.04332172707546411,True
all_gather,4gpu,4,1048576,ip,e_op_j,auto/LL128,RING/LL128[0-7],134.97,0.061090509272228144,False
all_gather,4gpu,4,1048576,ip,e_op_j,auto/auto,RING/SIMPLE[0-7],100.08,0.04368722846295354,False
all_gather,4gpu,4,1048576,ip,e_op_dyn_j,Ring/LL128,RING/LL128[0-7],136.22500000000002,0.04747236960742132,False
all_gather,4gpu,4,1048576,ip,e_op_dyn_j,Ring/auto,RING/SIMPLE[0-7],99.93,0.03306726535848221,True
all_gather,4gpu,4,1048576,ip,e_op_dyn_j,auto/LL128,RING/LL128[0-7],134.97,0.04726125912057218,False
all_gather,4gpu,4,1048576,ip,e_op_dyn_j,auto/auto,RING/SIMPLE[0-7],100.08,0.03342996478900723,False
all_gather,4gpu,4,1048576,oop,e_op_j,Ring/LL128,RING/LL128[0-7],136.10500000000002,0.0606291286727457,False
all_gather,4gpu,4,1048576,oop,e_op_j,Ring/auto,RING/SIMPLE[0-7],100.31,0.042929900345575825,True
all_gather,4gpu,4,1048576,oop,e_op_j,auto/LL128,RING/LL128[0-7],135.715,0.06070211216314639,False
all_gather,4gpu,4,1048576,oop,e_op_j,auto/auto,RING/SIMPLE[0-7],100.505,0.043607186191240356,False
all_gather,4gpu,4,1048576,oop,e_op_dyn_j,Ring/LL128,RING/LL128[0-7],136.10500000000002,0.04656406417929629,False
all_gather,4gpu,4,1048576,oop,e_op_dyn_j,Ring/auto,RING/SIMPLE[0-7],100.31,0.03257082454310899,True
all_gather,4gpu,4,1048576,oop,e_op_dyn_j,auto/LL128,RING/LL128[0-7],135.715,0.04666610737758529,False
all_gather,4gpu,4,1048576,oop,e_op_dyn_j,auto/auto,RING/SIMPLE[0-7],100.505,0.033206357329266196,False
all_gather,4gpu,4,67108864,ip,e_op_j,Ring/LL128,RING/LL128[0-7],8040.0,3.6801920415224916,False
all_gather,4gpu,4,67108864,ip,e_op_j,Ring/auto,RING/SIMPLE[0-7],5379.179999999999,2.3880692771084338,True
all_gather,4gpu,4,67108864,ip,e_op_j,auto/LL128,RING/LL128[0-7],8084.535,3.6759725609756098,False
all_gather,4gpu,4,67108864,ip,e_op_j,auto/auto,RING/SIMPLE[0-7],5383.525,2.42207343412527,False
all_gather,4gpu,4,67108864,ip,e_op_dyn_j,Ring/LL128,RING/LL128[0-7],8040.0,2.855975863730321,False
all_gather,4gpu,4,67108864,ip,e_op_dyn_j,Ring/auto,RING/SIMPLE[0-7],5379.179999999999,1.8363635802031881,True
all_gather,4gpu,4,67108864,ip,e_op_dyn_j,auto/LL128,RING/LL128[0-7],8084.535,2.8464007750555202,False
all_gather,4gpu,4,67108864,ip,e_op_dyn_j,auto/auto,RING/SIMPLE[0-7],5383.525,1.8698573490250943,False
all_gather,4gpu,4,67108864,oop,e_op_j,Ring/LL128,RING/LL128[0-7],8053.475,3.6336297577854673,False
all_gather,4gpu,4,67108864,oop,e_op_j,Ring/auto,RING/SIMPLE[0-7],5359.179999999999,2.3957961847389555,True
all_gather,4gpu,4,67108864,oop,e_op_j,auto/LL128,RING/LL128[0-7],8090.83,3.685876524390244,False
all_gather,4gpu,4,67108864,oop,e_op_j,auto/auto,RING/SIMPLE[0-7],5361.84,2.386410367170626,True
all_gather,4gpu,4,67108864,oop,e_op_dyn_j,Ring/LL128,RING/LL128[0-7],8053.475,2.802543057349384,False
all_gather,4gpu,4,67108864,oop,e_op_dyn_j,Ring/auto,RING/SIMPLE[0-7],5359.179999999999,1.8425530109030162,True
all_gather,4gpu,4,67108864,oop,e_op_dyn_j,auto/LL128,RING/LL128[0-7],8090.83,2.849947603525373,False
all_gather,4gpu,4,67108864,oop,e_op_dyn_j,auto/auto,RING/SIMPLE[0-7],5361.84,1.8326475120238352,True
all_reduce,2gpu_nvlink,2,4096,ip,e_op_j,Ring/LL128,RING/LL128[0-0],14.774999999999999,0.0029436394189203997,False
all_reduce,2gpu_nvlink,2,4096,ip,e_op_j,Ring/auto,RING/LL[0-0],6.415,0.0012766224193471367,False
all_reduce,2gpu_nvlink,2,4096,ip,e_op_j,Tree/LL128,TREE/LL128[0-0],15.12,0.003057813174236881,False
all_reduce,2gpu_nvlink,2,4096,ip,e_op_j,Tree/auto,TREE/LL[0-0],7.944999999999999,0.0015735508287509307,False
all_reduce,2gpu_nvlink,2,4096,ip,e_op_j,auto/LL128,TREE/LL128[0-0],15.08,0.003001160598159223,False
all_reduce,2gpu_nvlink,2,4096,ip,e_op_j,auto/auto,RING/LL[0-0],6.404999999999999,0.0012755054977926358,True
all_reduce,2gpu_nvlink,2,4096,ip,e_op_dyn_j,Ring/LL128,RING/LL128[0-0],14.774999999999999,0.0022056691434966433,False
all_reduce,2gpu_nvlink,2,4096,ip,e_op_dyn_j,Ring/auto,RING/LL[0-0],6.415,0.0009563511278784754,False
all_reduce,2gpu_nvlink,2,4096,ip,e_op_dyn_j,Tree/LL128,TREE/LL128[0-0],15.12,0.0023026126967676114,False
all_reduce,2gpu_nvlink,2,4096,ip,e_op_dyn_j,Tree/auto,TREE/LL[0-0],7.944999999999999,0.0011767257000441247,False
all_reduce,2gpu_nvlink,2,4096,ip,e_op_dyn_j,auto/LL128,TREE/LL128[0-0],15.08,0.0022481738770406727,False
all_reduce,2gpu_nvlink,2,4096,ip,e_op_dyn_j,auto/auto,RING/LL[0-0],6.404999999999999,0.0009557827586430066,True
all_reduce,2gpu_nvlink,2,4096,oop,e_op_j,Ring/LL128,RING/LL128[0-0],14.794999999999998,0.002938433812695591,False
all_reduce,2gpu_nvlink,2,4096,oop,e_op_j,Ring/auto,RING/LL[0-0],6.42,0.0012692953041848305,False
all_reduce,2gpu_nvlink,2,4096,oop,e_op_j,Tree/LL128,TREE/LL128[0-0],15.145,0.0030387828871253197,False
all_reduce,2gpu_nvlink,2,4096,oop,e_op_j,Tree/auto,TREE/LL[0-0],7.949999999999999,0.0015882417288175443,False
all_reduce,2gpu_nvlink,2,4096,oop,e_op_j,auto/LL128,TREE/LL128[0-0],15.09,0.003022626996820023,False
all_reduce,2gpu_nvlink,2,4096,oop,e_op_j,auto/auto,RING/LL[0-0],6.42,0.0012593736092473447,True
all_reduce,2gpu_nvlink,2,4096,oop,e_op_dyn_j,Ring/LL128,RING/LL128[0-0],14.794999999999998,0.002192580763143279,False
all_reduce,2gpu_nvlink,2,4096,oop,e_op_dyn_j,Ring/auto,RING/LL[0-0],6.42,0.0009472027360194566,False
all_reduce,2gpu_nvlink,2,4096,oop,e_op_dyn_j,Tree/LL128,TREE/LL128[0-0],15.145,0.0022762701744747484,False
all_reduce,2gpu_nvlink,2,4096,oop,e_op_dyn_j,Tree/auto,TREE/LL[0-0],7.949999999999999,0.0011877270052308786,False
all_reduce,2gpu_nvlink,2,4096,oop,e_op_dyn_j,auto/LL128,TREE/LL128[0-0],15.09,0.002261450560535381,False
all_reduce,2gpu_nvlink,2,4096,oop,e_op_dyn_j,auto/auto,RING/LL[0-0],6.42,0.0009353828622462436,True
all_reduce,2gpu_nvlink,2,1048576,ip,e_op_j,Ring/LL128,RING/LL128[0-3],49.18,0.011827084399984245,True
all_reduce,2gpu_nvlink,2,1048576,ip,e_op_j,Ring/auto,RING/SIMPLE[0-3],49.59,0.011378909785778941,True
all_reduce,2gpu_nvlink,2,1048576,ip,e_op_j,Tree/LL128,TREE/LL128[0-3],72.05,0.016190427250036707,False
all_reduce,2gpu_nvlink,2,1048576,ip,e_op_j,Tree/auto,TREE/SIMPLE[0-3],54.795,0.012684052971288672,False
all_reduce,2gpu_nvlink,2,1048576,ip,e_op_j,auto/LL128,RING/LL128[0-3],49.225,0.011840763245497935,False
all_reduce,2gpu_nvlink,2,1048576,ip,e_op_j,auto/auto,RING/SIMPLE[0-3],49.55,0.01140740444106281,True
all_reduce,2gpu_nvlink,2,1048576,ip,e_op_dyn_j,Ring/LL128,RING/LL128[0-3],49.18,0.009370381664200924,True
all_reduce,2gpu_nvlink,2,1048576,ip,e_op_dyn_j,Ring/auto,RING/SIMPLE[0-3],49.59,0.008901827250919772,True
all_reduce,2gpu_nvlink,2,1048576,ip,e_op_dyn_j,Tree/LL128,TREE/LL128[0-3],72.05,0.01259170585427751,False
all_reduce,2gpu_nvlink,2,1048576,ip,e_op_dyn_j,Tree/auto,TREE/SIMPLE[0-3],54.795,0.00994838851540022,False
all_reduce,2gpu_nvlink,2,1048576,ip,e_op_dyn_j,auto/LL128,RING/LL128[0-3],49.225,0.009381874214742396,False
all_reduce,2gpu_nvlink,2,1048576,ip,e_op_dyn_j,auto/auto,RING/SIMPLE[0-3],49.55,0.00893207493517951,True
all_reduce,2gpu_nvlink,2,1048576,oop,e_op_j,Ring/LL128,RING/LL128[0-3],49.3,0.011952502855342443,True
all_reduce,2gpu_nvlink,2,1048576,oop,e_op_j,Ring/auto,RING/SIMPLE[0-3],49.87,0.011471296389419693,True
all_reduce,2gpu_nvlink,2,1048576,oop,e_op_j,Tree/LL128,TREE/LL128[0-3],72.025,0.016126648069299664,False
all_reduce,2gpu_nvlink,2,1048576,oop,e_op_j,Tree/auto,TREE/SIMPLE[0-3],55.205,0.012602537280213665,False
all_reduce,2gpu_nvlink,2,1048576,oop,e_op_j,auto/LL128,RING/LL128[0-3],49.355,0.011919744916375888,True
all_reduce,2gpu_nvlink,2,1048576,oop,e_op_j,auto/auto,RING/SIMPLE[0-3],49.900000000000006,0.011411018561159723,True
all_reduce,2gpu_nvlink,2,1048576,oop,e_op_dyn_j,Ring/LL128,RING/LL128[0-3],49.3,0.009471735741095902,True
all_reduce,2gpu_nvlink,2,1048576,oop,e_op_dyn_j,Ring/auto,RING/SIMPLE[0-3],49.87,0.008960439144399108,True
all_reduce,2gpu_nvlink,2,1048576,oop,e_op_dyn_j,Tree/LL128,TREE/LL128[0-3],72.025,0.012502454025738576,False
all_reduce,2gpu_nvlink,2,1048576,oop,e_op_dyn_j,Tree/auto,TREE/SIMPLE[0-3],55.205,0.009823433873021495,False
all_reduce,2gpu_nvlink,2,1048576,oop,e_op_dyn_j,auto/LL128,RING/LL128[0-3],49.355,0.00943433323326843,True
all_reduce,2gpu_nvlink,2,1048576,oop,e_op_dyn_j,auto/auto,RING/SIMPLE[0-3],49.900000000000006,0.008896737287849992,True
all_reduce,2gpu_nvlink,2,67108864,ip,e_op_j,Ring/LL128,RING/LL128[0-3],1850.275,0.5266920863309352,False
all_reduce,2gpu_nvlink,2,67108864,ip,e_op_j,Ring/auto,RING/SIMPLE[0-3],1639.1599999999999,0.465082530507386,False
all_reduce,2gpu_nvlink,2,67108864,ip,e_op_j,Tree/LL128,TREE/LL128[0-3],2177.9799999999996,0.6079682343234324,False
all_reduce,2gpu_nvlink,2,67108864,ip,e_op_j,Tree/auto,TREE/SIMPLE[0-3],1511.3899999999999,0.4378788495061011,True
all_reduce,2gpu_nvlink,2,67108864,ip,e_op_j,auto/LL128,RING/LL128[0-3],1848.865,0.5371137527432334,False
all_reduce,2gpu_nvlink,2,67108864,ip,e_op_j,auto/auto,RING/SIMPLE[0-3],1638.205,0.4637710459183673,False
all_reduce,2gpu_nvlink,2,67108864,ip,e_op_dyn_j,Ring/LL128,RING/LL128[0-3],1850.275,0.4342608033560186,False
all_reduce,2gpu_nvlink,2,67108864,ip,e_op_dyn_j,Ring/auto,RING/SIMPLE[0-3],1639.1599999999999,0.38320986544395186,False
all_reduce,2gpu_nvlink,2,67108864,ip,e_op_dyn_j,Tree/LL128,TREE/LL128[0-3],2177.9799999999996,0.49922545961189524,False
all_reduce,2gpu_nvlink,2,67108864,ip,e_op_dyn_j,Tree/auto,TREE/SIMPLE[0-3],1511.3899999999999,0.3623899959916001,True
all_reduce,2gpu_nvlink,2,67108864,ip,e_op_dyn_j,auto/LL128,RING/LL128[0-3],1848.865,0.4447739459875091,False
all_reduce,2gpu_nvlink,2,67108864,ip,e_op_dyn_j,auto/auto,RING/SIMPLE[0-3],1638.205,0.3819382845576256,False
all_reduce,2gpu_nvlink,2,67108864,oop,e_op_j,Ring/LL128,RING/LL128[0-3],1851.4999999999998,0.5273492805755395,False
all_reduce,2gpu_nvlink,2,67108864,oop,e_op_j,Ring/auto,RING/SIMPLE[0-3],1639.57,0.4600578034682081,False
all_reduce,2gpu_nvlink,2,67108864,oop,e_op_j,Tree/LL128,TREE/LL128[0-3],2179.79,0.5970325907590759,False
all_reduce,2gpu_nvlink,2,67108864,oop,e_op_j,Tree/auto,TREE/SIMPLE[0-3],1512.48,0.43261446833236494,True
all_reduce,2gpu_nvlink,2,67108864,oop,e_op_j,auto/LL128,RING/LL128[0-3],1849.945,0.5221869056327724,False
all_reduce,2gpu_nvlink,2,67108864,oop,e_op_j,auto/auto,RING/SIMPLE[0-3],1638.3,0.4566029974489796,False
all_reduce,2gpu_nvlink,2,67108864,oop,e_op_dyn_j,Ring/LL128,RING/LL128[0-3],1851.4999999999998,0.43419507311329897,False
all_reduce,2gpu_nvlink,2,67108864,oop,e_op_dyn_j,Ring/auto,RING/SIMPLE[0-3],1639.57,0.37761178200557133,False
all_reduce,2gpu_nvlink,2,67108864,oop,e_op_dyn_j,Tree/LL128,TREE/LL128[0-3],2179.79,0.48729082727225614,False
all_reduce,2gpu_nvlink,2,67108864,oop,e_op_dyn_j,Tree/auto,TREE/SIMPLE[0-3],1512.48,0.3566401796289177,True
all_reduce,2gpu_nvlink,2,67108864,oop,e_op_dyn_j,auto/LL128,RING/LL128[0-3],1849.945,0.4291311513666833,False
all_reduce,2gpu_nvlink,2,67108864,oop,e_op_dyn_j,auto/auto,RING/SIMPLE[0-3],1638.3,0.3741722553429906,False
all_reduce,4gpu,4,4096,ip,e_op_j,Ring/LL128,RING/LL128[0-0],28.630000000000003,0.011315130018059703,False
all_reduce,4gpu,4,4096,ip,e_op_j,Ring/auto,RING/LL[0-0],11.879999999999999,0.004587719517374035,True
all_reduce,4gpu,4,4096,ip,e_op_j,Tree/LL128,TREE/LL128[0-0],21.32,0.008432827575406941,False
all_reduce,4gpu,4,4096,ip,e_op_j,Tree/auto,TREE/LL[0-0],14.14,0.0055891689454286055,False
all_reduce,4gpu,4,4096,ip,e_op_j,auto/LL128,TREE/LL128[0-0],21.345,0.008516991881996207,False
all_reduce,4gpu,4,4096,ip,e_op_j,auto/auto,RING/LL[0-0],11.884999999999998,0.004668469611862751,False
all_reduce,4gpu,4,4096,ip,e_op_dyn_j,Ring/LL128,RING/LL128[0-0],28.630000000000003,0.00837959852833614,False
all_reduce,4gpu,4,4096,ip,e_op_dyn_j,Ring/auto,RING/LL[0-0],11.879999999999999,0.0033697255683048277,True
all_reduce,4gpu,4,4096,ip,e_op_dyn_j,Tree/LL128,TREE/LL128[0-0],21.32,0.006246681063919177,False
all_reduce,4gpu,4,4096,ip,e_op_dyn_j,Tree/auto,TREE/LL[0-0],14.14,0.004139295716315554,False
all_reduce,4gpu,4,4096,ip,e_op_dyn_j,auto/LL128,TREE/LL128[0-0],21.345,0.006326730992696032,False
all_reduce,4gpu,4,4096,ip,e_op_dyn_j,auto/auto,RING/LL[0-0],11.884999999999998,0.003449680276933281,False
all_reduce,4gpu,4,4096,oop,e_op_j,Ring/LL128,RING/LL128[0-0],28.695,0.011228018508244904,False
all_reduce,4gpu,4,4096,oop,e_op_j,Ring/auto,RING/LL[0-0],11.884999999999998,0.004605353351152856,True
all_reduce,4gpu,4,4096,oop,e_op_j,Tree/LL128,TREE/LL128[0-0],21.35,0.008448696310345127,False
all_reduce,4gpu,4,4096,oop,e_op_j,Tree/auto,TREE/LL[0-0],14.129999999999999,0.005554452502675068,False
all_reduce,4gpu,4,4096,oop,e_op_j,auto/LL128,TREE/LL128[0-0],21.35,0.008451139054676373,False
all_reduce,4gpu,4,4096,oop,e_op_j,auto/auto,RING/LL[0-0],11.895,0.004638785466047286,False
all_reduce,4gpu,4,4096,oop,e_op_dyn_j,Ring/LL128,RING/LL128[0-0],28.695,0.00825348265943849,False
all_reduce,4gpu,4,4096,oop,e_op_dyn_j,Ring/auto,RING/LL[0-0],11.884999999999998,0.0033747488657459765,True
all_reduce,4gpu,4,4096,oop,e_op_dyn_j,Tree/LL128,TREE/LL128[0-0],21.35,0.0062325448891326265,False
all_reduce,4gpu,4,4096,oop,e_op_dyn_j,Tree/auto,TREE/LL[0-0],14.129999999999999,0.004087823223460098,False
all_reduce,4gpu,4,4096,oop,e_op_dyn_j,auto/LL128,TREE/LL128[0-0],21.35,0.006238875716655476,False
all_reduce,4gpu,4,4096,oop,e_op_dyn_j,auto/auto,RING/LL[0-0],11.895,0.0034060655040515165,False
all_reduce,4gpu,4,1048576,ip,e_op_j,Ring/LL128,RING/LL128[0-7],259.615,0.1165741251848201,False
all_reduce,4gpu,4,1048576,ip,e_op_j,Ring/auto,RING/SIMPLE[0-7],185.365,0.07813111938162039,False
all_reduce,4gpu,4,1048576,ip,e_op_j,Tree/LL128,TREE/LL128[0-7],178.05499999999995,0.08239151353157367,False
all_reduce,4gpu,4,1048576,ip,e_op_j,Tree/auto,TREE/SIMPLE[0-7],129.79,0.05632243816254416,True
all_reduce,4gpu,4,1048576,ip,e_op_j,auto/LL128,RING/LL128[0-7],261.08500000000004,0.11882251210593933,False
all_reduce,4gpu,4,1048576,ip,e_op_j,auto/auto,RING/SIMPLE[0-7],188.75,0.07952457513574501,False
all_reduce,4gpu,4,1048576,ip,e_op_dyn_j,Ring/LL128,RING/LL128[0-7],259.615,0.08998813786061566,False
all_reduce,4gpu,4,1048576,ip,e_op_dyn_j,Ring/auto,RING/SIMPLE[0-7],185.365,0.05913680374384417,False
all_reduce,4gpu,4,1048576,ip,e_op_dyn_j,Tree/LL128,TREE/LL128[0-7],178.05499999999995,0.06412853053961635,False
all_reduce,4gpu,4,1048576,ip,e_op_dyn_j,Tree/auto,TREE/SIMPLE[0-7],129.79,0.04300732208572057,True
all_reduce,4gpu,4,1048576,ip,e_op_dyn_j,auto/LL128,RING/LL128[0-7],261.08500000000004,0.09208185982256718,False
all_reduce,4gpu,4,1048576,ip,e_op_dyn_j,auto/auto,RING/SIMPLE[0-7],188.75,0.06018179121423307,False
all_reduce,4gpu,4,1048576,oop,e_op_j,Ring/LL128,RING/LL128[0-7],261.2,0.11813750616067029,False
all_reduce,4gpu,4,1048576,oop,e_op_j,Ring/auto,RING/SIMPLE[0-7],184.79500000000002,0.07805217578013168,False
all_reduce,4gpu,4,1048576,oop,e_op_j,Tree/LL128,TREE/LL128[0-7],177.47999999999996,0.08199261610424324,False
all_reduce,4gpu,4,1048576,oop,e_op_j,Tree/auto,TREE/SIMPLE[0-7],130.44,0.056684124179707224,True
all_reduce,4gpu,4,1048576,oop,e_op_j,auto/LL128,RING/LL128[0-7],261.985,0.1169678822017986,False
all_reduce,4gpu,4,1048576,oop,e_op_j,auto/auto,RING/SIMPLE[0-7],188.59999999999997,0.07909424582187434,False
all_reduce,4gpu,4,1048576,oop,e_op_dyn_j,Ring/LL128,RING/LL128[0-7],261.2,0.09121186728670275,False
all_reduce,4gpu,4,1048576,oop,e_op_dyn_j,Ring/auto,RING/SIMPLE[0-7],184.79500000000002,0.05890763211365942,False
all_reduce,4gpu,4,1048576,oop,e_op_dyn_j,Tree/LL128,TREE/LL128[0-7],177.47999999999996,0.06362046642903588,False
all_reduce,4gpu,4,1048576,oop,e_op_dyn_j,Tree/auto,TREE/SIMPLE[0-7],130.44,0.04321156597270434,True
all_reduce,4gpu,4,1048576,oop,e_op_dyn_j,auto/LL128,RING/LL128[0-7],261.985,0.08990385933986017,False
all_reduce,4gpu,4,1048576,oop,e_op_dyn_j,auto/auto,RING/SIMPLE[0-7],188.59999999999997,0.05959691399693447,False
all_reduce,4gpu,4,67108864,ip,e_op_j,Ring/LL128,RING/LL128[0-7],15858.15,7.3022656249999995,False
all_reduce,4gpu,4,67108864,ip,e_op_j,Ring/auto,RING/SIMPLE[0-7],10485.25,4.60628125,False
all_reduce,4gpu,4,67108864,ip,e_op_j,Tree/LL128,TREE/LL128[0-7],10148.0,4.7531704545454545,False
all_reduce,4gpu,4,67108864,ip,e_op_j,Tree/auto,TREE/SIMPLE[0-7],6815.254999999999,3.0722539062500003,True
all_reduce,4gpu,4,67108864,ip,e_op_j,auto/LL128,RING/LL128[0-7],15900.749999999998,7.251516129032258,False
all_reduce,4gpu,4,67108864,ip,e_op_j,auto/auto,RING/SIMPLE[0-7],10449.849999999999,4.5886484375,False
all_reduce,4gpu,4,67108864,ip,e_op_dyn_j,Ring/LL128,RING/LL128[0-7],15858.15,5.673965086022053,False
all_reduce,4gpu,4,67108864,ip,e_op_dyn_j,Ring/auto,RING/SIMPLE[0-7],10485.25,3.532964960813128,False
all_reduce,4gpu,4,67108864,ip,e_op_dyn_j,Tree/LL128,TREE/LL128[0-7],10148.0,3.7121196222270876,False
all_reduce,4gpu,4,67108864,ip,e_op_dyn_j,Tree/auto,TREE/SIMPLE[0-7],6815.254999999999,2.3745192953883576,True
all_reduce,4gpu,4,67108864,ip,e_op_dyn_j,auto/LL128,RING/LL128[0-7],15900.749999999998,5.620293858154902,False
all_reduce,4gpu,4,67108864,ip,e_op_dyn_j,auto/auto,RING/SIMPLE[0-7],10449.849999999999,3.516894511036207,False
all_reduce,4gpu,4,67108864,oop,e_op_j,Ring/LL128,RING/LL128[0-7],15793.599999999999,7.21029375,False
all_reduce,4gpu,4,67108864,oop,e_op_j,Ring/auto,RING/SIMPLE[0-7],10488.45,4.631279296875,False
all_reduce,4gpu,4,67108864,oop,e_op_j,Tree/LL128,TREE/LL128[0-7],10124.45,4.668083333333334,False
all_reduce,4gpu,4,67108864,oop,e_op_j,Tree/auto,TREE/SIMPLE[0-7],6802.049999999999,3.0763046875000004,True
all_reduce,4gpu,4,67108864,oop,e_op_j,auto/LL128,RING/LL128[0-7],15866.900000000001,7.186025806451612,False
all_reduce,4gpu,4,67108864,oop,e_op_j,auto/auto,RING/SIMPLE[0-7],10435.599999999999,4.59486328125,False
all_reduce,4gpu,4,67108864,oop,e_op_dyn_j,Ring/LL128,RING/LL128[0-7],15793.599999999999,5.578182549726621,False
all_reduce,4gpu,4,67108864,oop,e_op_dyn_j,Ring/auto,RING/SIMPLE[0-7],10488.45,3.548072858675413,False
all_reduce,4gpu,4,67108864,oop,e_op_dyn_j,Tree/LL128,TREE/LL128[0-7],10124.45,3.622802439680026,False
all_reduce,4gpu,4,67108864,oop,e_op_dyn_j,Tree/auto,TREE/SIMPLE[0-7],6802.049999999999,2.3734086218434536,True
all_reduce,4gpu,4,67108864,oop,e_op_dyn_j,auto/LL128,RING/LL128[0-7],15866.900000000001,5.545513647694236,False
all_reduce,4gpu,4,67108864,oop,e_op_dyn_j,auto/auto,RING/SIMPLE[0-7],10435.599999999999,3.516972608627876,False
reduce_scatter,2gpu_nvlink,2,4096,ip,e_op_j,Ring/LL128,RING/LL128[0-0],12.725000000000001,0.0025441103419119593,False
reduce_scatter,2gpu_nvlink,2,4096,ip,e_op_j,Ring/auto,RING/LL[0-0],5.735,0.0011413341190730443,True
reduce_scatter,2gpu_nvlink,2,4096,ip,e_op_j,auto/LL128,RING/LL128[0-0],12.754999999999999,0.0025507092682619517,False
reduce_scatter,2gpu_nvlink,2,4096,ip,e_op_j,auto/auto,RING/LL[0-0],5.75,0.00114237030892063,False
reduce_scatter,2gpu_nvlink,2,4096,ip,e_op_dyn_j,Ring/LL128,RING/LL128[0-0],12.725000000000001,0.0019088521382861338,False
reduce_scatter,2gpu_nvlink,2,4096,ip,e_op_dyn_j,Ring/auto,RING/LL[0-0],5.735,0.0008548102384854699,True
reduce_scatter,2gpu_nvlink,2,4096,ip,e_op_dyn_j,auto/LL128,RING/LL128[0-0],12.754999999999999,0.0019137828838062714,False
reduce_scatter,2gpu_nvlink,2,4096,ip,e_op_dyn_j,auto/auto,RING/LL[0-0],5.75,0.000855051118391493,False
reduce_scatter,2gpu_nvlink,2,4096,oop,e_op_j,Ring/LL128,RING/LL128[0-0],12.745000000000001,0.0025581197484542623,False
reduce_scatter,2gpu_nvlink,2,4096,oop,e_op_j,Ring/auto,RING/LL[0-0],5.75,0.00113680182117361,True
reduce_scatter,2gpu_nvlink,2,4096,oop,e_op_j,auto/LL128,RING/LL128[0-0],12.78,0.002526798370415481,False
reduce_scatter,2gpu_nvlink,2,4096,oop,e_op_j,auto/auto,RING/LL[0-0],5.754999999999999,0.0011466672828025135,False
reduce_scatter,2gpu_nvlink,2,4096,oop,e_op_dyn_j,Ring/LL128,RING/LL128[0-0],12.745000000000001,0.0019162675532362135,False
reduce_scatter,2gpu_nvlink,2,4096,oop,e_op_dyn_j,Ring/auto,RING/LL[0-0],5.75,0.0008469990701112785,True
reduce_scatter,2gpu_nvlink,2,4096,oop,e_op_dyn_j,auto/LL128,RING/LL128[0-0],12.78,0.0018838683699206927,False
reduce_scatter,2gpu_nvlink,2,4096,oop,e_op_dyn_j,auto/auto,RING/LL[0-0],5.754999999999999,0.0008574102753733223,False
reduce_scatter,2gpu_nvlink,2,1048576,ip,e_op_j,Ring/LL128,RING/LL128[0-3],37.714999999999996,0.008722563645698064,False
reduce_scatter,2gpu_nvlink,2,1048576,ip,e_op_j,Ring/auto,RING/SIMPLE[0-3],35.915,0.007832405353284905,True
reduce_scatter,2gpu_nvlink,2,1048576,ip,e_op_j,auto/LL128,RING/LL128[0-3],37.75999999999999,0.008730941805656273,False
reduce_scatter,2gpu_nvlink,2,1048576,ip,e_op_j,auto/auto,RING/SIMPLE[0-3],35.875,0.007899749752502475,True
reduce_scatter,2gpu_nvlink,2,1048576,ip,e_op_dyn_j,Ring/LL128,RING/LL128[0-3],37.714999999999996,0.006838751197859037,False
reduce_scatter,2gpu_nvlink,2,1048576,ip,e_op_dyn_j,Ring/auto,RING/SIMPLE[0-3],35.915,0.00603838708748341,True
reduce_scatter,2gpu_nvlink,2,1048576,ip,e_op_dyn_j,auto/LL128,RING/LL128[0-3],37.75999999999999,0.006844761531197074,False
reduce_scatter,2gpu_nvlink,2,1048576,ip,e_op_dyn_j,auto/auto,RING/SIMPLE[0-3],35.875,0.0061078562981528636,True
reduce_scatter,2gpu_nvlink,2,1048576,oop,e_op_j,Ring/LL128,RING/LL128[0-3],37.825,0.008709849605894965,False
reduce_scatter,2gpu_nvlink,2,1048576,oop,e_op_j,Ring/auto,RING/SIMPLE[0-3],35.89,0.00791835225542651,False
reduce_scatter,2gpu_nvlink,2,1048576,oop,e_op_j,auto/LL128,RING/LL128[0-3],37.825,0.008564033417935702,False
reduce_scatter,2gpu_nvlink,2,1048576,oop,e_op_j,auto/auto,RING/SIMPLE[0-3],35.864999999999995,0.007867760697393027,True
reduce_scatter,2gpu_nvlink,2,1048576,oop,e_op_dyn_j,Ring/LL128,RING/LL128[0-3],37.825,0.006808024787797938,False
reduce_scatter,2gpu_nvlink,2,1048576,oop,e_op_dyn_j,Ring/auto,RING/SIMPLE[0-3],35.89,0.006116410774345757,False
reduce_scatter,2gpu_nvlink,2,1048576,oop,e_op_dyn_j,auto/LL128,RING/LL128[0-3],37.825,0.0066614417769414735,False
reduce_scatter,2gpu_nvlink,2,1048576,oop,e_op_dyn_j,auto/auto,RING/SIMPLE[0-3],35.864999999999995,0.006063483435855457,True
reduce_scatter,2gpu_nvlink,2,67108864,ip,e_op_j,Ring/LL128,RING/LL128[0-3],1145.845,0.33034029371271223,False
reduce_scatter,2gpu_nvlink,2,67108864,ip,e_op_j,Ring/auto,RING/SIMPLE[0-3],1044.315,0.2934395627062706,True
reduce_scatter,2gpu_nvlink,2,67108864,ip,e_op_j,auto/LL128,RING/LL128[0-3],1144.7149999999997,0.3289134307903152,False
reduce_scatter,2gpu_nvlink,2,67108864,ip,e_op_j,auto/auto,RING/SIMPLE[0-3],1045.1,0.2950875102711586,False
reduce_scatter,2gpu_nvlink,2,67108864,ip,e_op_dyn_j,Ring/LL128,RING/LL128[0-3],1145.845,0.27310638372632146,False
reduce_scatter,2gpu_nvlink,2,67108864,ip,e_op_dyn_j,Ring/auto,RING/SIMPLE[0-3],1044.315,0.24128030580296067,True
reduce_scatter,2gpu_nvlink,2,67108864,ip,e_op_dyn_j,auto/LL128,RING/LL128[0-3],1144.7149999999997,0.27174828494335923,False
reduce_scatter,2gpu_nvlink,2,67108864,ip,e_op_dyn_j,auto/auto,RING/SIMPLE[0-3],1045.1,0.24289097480940558,False
reduce_scatter,2gpu_nvlink,2,67108864,oop,e_op_j,Ring/LL128,RING/LL128[0-3],1148.485,0.329885268471776,False
reduce_scatter,2gpu_nvlink,2,67108864,oop,e_op_j,Ring/auto,RING/SIMPLE[0-3],1046.185,0.2845369224422442,True
reduce_scatter,2gpu_nvlink,2,67108864,oop,e_op_j,auto/LL128,RING/LL128[0-3],1149.7199999999998,0.33037894015532204,False
reduce_scatter,2gpu_nvlink,2,67108864,oop,e_op_j,auto/auto,RING/SIMPLE[0-3],1047.2150000000001,0.29298870172555463,False
reduce_scatter,2gpu_nvlink,2,67108864,oop,e_op_dyn_j,Ring/LL128,RING/LL128[0-3],1148.485,0.27202718194340914,False
reduce_scatter,2gpu_nvlink,2,67108864,oop,e_op_dyn_j,Ring/auto,RING/SIMPLE[0-3],1046.185,0.23194260898959196,True
reduce_scatter,2gpu_nvlink,2,67108864,oop,e_op_dyn_j,auto/LL128,RING/LL128[0-3],1149.7199999999998,0.27247298038258694,False
reduce_scatter,2gpu_nvlink,2,67108864,oop,e_op_dyn_j,auto/auto,RING/SIMPLE[0-3],1047.2150000000001,0.24037658447700377,False
reduce_scatter,4gpu,4,4096,ip,e_op_j,Ring/LL128,RING/LL128[0-0],19.490000000000002,0.007698380679779626,False
reduce_scatter,4gpu,4,4096,ip,e_op_j,Ring/auto,RING/LL[0-0],8.465,0.003322833619020135,True
reduce_scatter,4gpu,4,4096,ip,e_op_j,auto/LL128,RING/LL128[0-0],19.45,0.007700637782626418,False
reduce_scatter,4gpu,4,4096,ip,e_op_j,auto/auto,RING/LL[0-0],8.47,0.0033000974475578277,True
reduce_scatter,4gpu,4,4096,ip,e_op_dyn_j,Ring/LL128,RING/LL128[0-0],19.490000000000002,0.005700592273448697,False
reduce_scatter,4gpu,4,4096,ip,e_op_dyn_j,Ring/auto,RING/LL[0-0],8.465,0.0024548834635494017,True
reduce_scatter,4gpu,4,4096,ip,e_op_dyn_j,auto/LL128,RING/LL128[0-0],19.45,0.005706307656697829,False
reduce_scatter,4gpu,4,4096,ip,e_op_dyn_j,auto/auto,RING/LL[0-0],8.47,0.0024316715392047493,True
reduce_scatter,4gpu,4,4096,oop,e_op_j,Ring/LL128,RING/LL128[0-0],19.5,0.007623605718249445,False
reduce_scatter,4gpu,4,4096,oop,e_op_j,Ring/auto,RING/LL[0-0],8.495000000000001,0.003288575541269284,True
reduce_scatter,4gpu,4,4096,oop,e_op_j,auto/LL128,RING/LL128[0-0],19.465,0.007569804429312425,False
reduce_scatter,4gpu,4,4096,oop,e_op_j,auto/auto,RING/LL[0-0],8.475000000000001,0.0033122390713418697,True
reduce_scatter,4gpu,4,4096,oop,e_op_dyn_j,Ring/LL128,RING/LL128[0-0],19.5,0.005601180913564335,False
reduce_scatter,4gpu,4,4096,oop,e_op_dyn_j,Ring/auto,RING/LL[0-0],8.495000000000001,0.002408779516480185,True
reduce_scatter,4gpu,4,4096,oop,e_op_dyn_j,auto/LL128,RING/LL128[0-0],19.465,0.005551009514908865,False
reduce_scatter,4gpu,4,4096,oop,e_op_dyn_j,auto/auto,RING/LL[0-0],8.475000000000001,0.002434312425869766,True
reduce_scatter,4gpu,4,1048576,ip,e_op_j,Ring/LL128,RING/LL128[0-7],135.71499999999997,0.06118235654482336,False
reduce_scatter,4gpu,4,1048576,ip,e_op_j,Ring/auto,RING/SIMPLE[0-7],99.05499999999999,0.04115493009565857,True
reduce_scatter,4gpu,4,1048576,ip,e_op_j,auto/LL128,RING/LL128[0-7],134.47499999999997,0.05981238200125866,False
reduce_scatter,4gpu,4,1048576,ip,e_op_j,auto/auto,RING/SIMPLE[0-7],98.16,0.04142097119278673,True
reduce_scatter,4gpu,4,1048576,ip,e_op_dyn_j,Ring/LL128,RING/LL128[0-7],135.71499999999997,0.04728707551026867,False
reduce_scatter,4gpu,4,1048576,ip,e_op_dyn_j,Ring/auto,RING/SIMPLE[0-7],99.05499999999999,0.031007417002366207,True
reduce_scatter,4gpu,4,1048576,ip,e_op_dyn_j,auto/LL128,RING/LL128[0-7],134.47499999999997,0.046038142426985826,False
reduce_scatter,4gpu,4,1048576,ip,e_op_dyn_j,auto/auto,RING/SIMPLE[0-7],98.16,0.03136443736939695,True
reduce_scatter,4gpu,4,1048576,oop,e_op_j,Ring/LL128,RING/LL128[0-7],135.94,0.06048052379007556,False
reduce_scatter,4gpu,4,1048576,oop,e_op_j,Ring/auto,RING/SIMPLE[0-7],99.10499999999999,0.04102912067696836,True
reduce_scatter,4gpu,4,1048576,oop,e_op_j,auto/LL128,RING/LL128[0-7],135.975,0.06019107929515419,False
reduce_scatter,4gpu,4,1048576,oop,e_op_j,auto/auto,RING/SIMPLE[0-7],98.49000000000001,0.0410403835867655,True
reduce_scatter,4gpu,4,1048576,oop,e_op_dyn_j,Ring/LL128,RING/LL128[0-7],135.94,0.04647343544378188,False
reduce_scatter,4gpu,4,1048576,oop,e_op_dyn_j,Ring/auto,RING/SIMPLE[0-7],99.10499999999999,0.03079844404088038,True
reduce_scatter,4gpu,4,1048576,oop,e_op_dyn_j,auto/LL128,RING/LL128[0-7],135.975,0.046163521515700814,False
reduce_scatter,4gpu,4,1048576,oop,e_op_dyn_j,auto/auto,RING/SIMPLE[0-7],98.49000000000001,0.030889612457364737,True
reduce_scatter,4gpu,4,67108864,ip,e_op_j,Ring/LL128,RING/LL128[0-7],8096.65,3.716559633027523,False
reduce_scatter,4gpu,4,67108864,ip,e_op_j,Ring/auto,RING/SIMPLE[0-7],5396.32,2.394542574257426,True
reduce_scatter,4gpu,4,67108864,ip,e_op_j,auto/LL128,RING/LL128[0-7],8136.8099999999995,3.745430555555555,False
reduce_scatter,4gpu,4,67108864,ip,e_op_j,auto/auto,RING/SIMPLE[0-7],5393.85,2.414485119047619,True
reduce_scatter,4gpu,4,67108864,ip,e_op_dyn_j,Ring/LL128,RING/LL128[0-7],8096.65,2.886384001702287,False
reduce_scatter,4gpu,4,67108864,ip,e_op_dyn_j,Ring/auto,RING/SIMPLE[0-7],5396.32,1.8419646091588007,True
reduce_scatter,4gpu,4,67108864,ip,e_op_dyn_j,auto/LL128,RING/LL128[0-7],8136.8099999999995,2.9112317224288384,False
reduce_scatter,4gpu,4,67108864,ip,e_op_dyn_j,auto/auto,RING/SIMPLE[0-7],5393.85,1.8615603121869042,True
reduce_scatter,4gpu,4,67108864,oop,e_op_j,Ring/LL128,RING/LL128[0-7],8072.094999999999,3.677422018348624,False
reduce_scatter,4gpu,4,67108864,oop,e_op_j,Ring/auto,RING/SIMPLE[0-7],5398.525,2.377922772277228,True
reduce_scatter,4gpu,4,67108864,oop,e_op_j,auto/LL128,RING/LL128[0-7],8160.725,3.6837743055555556,False
reduce_scatter,4gpu,4,67108864,oop,e_op_j,auto/auto,RING/SIMPLE[0-7],5397.47,2.3968293650793653,True
reduce_scatter,4gpu,4,67108864,oop,e_op_dyn_j,Ring/LL128,RING/LL128[0-7],8072.094999999999,2.842092684139697,False
reduce_scatter,4gpu,4,67108864,oop,e_op_dyn_j,Ring/auto,RING/SIMPLE[0-7],5398.525,1.8217715047890208,True
reduce_scatter,4gpu,4,67108864,oop,e_op_dyn_j,auto/LL128,RING/LL128[0-7],8160.725,2.8412376418451597,False
reduce_scatter,4gpu,4,67108864,oop,e_op_dyn_j,auto/auto,RING/SIMPLE[0-7],5397.47,1.8403496538654442,True
