coll,gpu_set,size_bytes,n_effective,spearman_lat_energy,spearman_lat_dyn,time_ratio_max_min,power_ratio_max_min
all_gather,2gpu_nvlink,4096,2,,,1.9576198630136985,1.0034512928365766
all_gather,2gpu_nvlink,1048576,2,,,1.1380992302415973,1.023621054794823
all_gather,2gpu_nvlink,67108864,2,,,1.1203418635645137,1.0214081296064403
all_gather,4gpu,4096,2,,,2.0882782812043263,1.0051289147648899
all_gather,4gpu,1048576,2,,,1.3535841446107115,1.0358601470965194
all_gather,4gpu,67108864,2,,,1.5058553197363684,1.016399574323814
all_reduce,2gpu_nvlink,4096,4,1.0,1.0,2.354750778816199,1.0163997311401562
all_reduce,2gpu_nvlink,1048576,4,0.7999999999999999,0.7999999999999999,1.4601388677715272,1.0802801470590246
all_reduce,2gpu_nvlink,67108864,4,1.0,1.0,1.4412025282978949,1.0466521114585854
all_reduce,4gpu,4096,4,1.0,1.0,2.4133725820016823,1.0169291974393742
all_reduce,4gpu,1048576,4,0.7999999999999999,0.7999999999999999,2.0054622815087395,1.097383445729203
all_reduce,4gpu,67108864,4,0.7999999999999999,0.7999999999999999,2.327276335810528,1.0460792506942778
reduce_scatter,2gpu_nvlink,4096,2,,,2.218600608431117,1.0036595895155918
reduce_scatter,2gpu_nvlink,1048576,2,,,1.0542819315727128,1.037222763350894
reduce_scatter,2gpu_nvlink,67108864,2,,,1.0978336677175888,1.0390072316273307
reduce_scatter,4gpu,4096,2,,,2.2961107837360046,1.0011346678714217
reduce_scatter,4gpu,1048576,2,,,1.376122877603178,1.0690042418111243
reduce_scatter,4gpu,67108864,2,,,1.5035964725808044,1.0223396000759075
