idle_id,trial,status,gpu,t_wall_start,duration_s,reached_p8,pstate_wait_s,power_counter_w,power_sampled_mean_w,temp_mean_c,pstates
idle-t1-start,1,ok,4,1791261116.680045,10.01305237133056,True,3.0020749494433403,28.778337445338728,28.853635000000004,32.395,[8]
idle-t1-start,1,ok,5,1791261116.680045,10.01305237133056,True,3.0020749494433403,20.7520137011316,20.962339999999998,31.175,[8]
idle-t1-start,1,ok,6,1791261116.680045,10.01305237133056,True,3.0020749494433403,25.637636804439047,25.918749999999996,31.98,[8]
idle-t1-start,1,ok,7,1791261116.680045,10.01305237133056,True,3.0020749494433403,27.794621428012928,27.87585,33.42,[8]
idle-t1-mid192,1,ok,4,1791262233.8551846,10.011893599294126,True,6.003565319813788,29.1971740511315,29.402849999999997,33.815,[8]
idle-t1-mid192,1,ok,5,1791262233.8551846,10.011893599294126,True,6.003565319813788,20.903837812934356,20.952550000000002,32.375,[8]
idle-t1-mid192,1,ok,6,1791262233.8551846,10.011893599294126,True,6.003565319813788,25.6144352171382,25.66485,30.375,[8]
idle-t1-mid192,1,ok,7,1791262233.8551846,10.011893599294126,True,6.003565319813788,27.588187715006654,27.784135000000003,32.015,[8]
idle-t1-mid374,1,ok,4,1791263384.8187351,10.01344451867044,True,3.0020206971094012,28.98912551607594,29.319540000000007,34.26,[8]
idle-t1-mid374,1,ok,5,1791263384.8187351,10.01344451867044,True,3.0020206971094012,20.86574700747853,20.964605000000002,32.49,[8]
idle-t1-mid374,1,ok,6,1791263384.8187351,10.01344451867044,True,3.0020206971094012,25.485635789380165,25.680384999999998,29.42,[8]
idle-t1-mid374,1,ok,7,1791263384.8187351,10.01344451867044,True,3.0020206971094012,27.094872248418294,27.340439999999997,31.115,[8]
idle-t1-mid574,1,ok,4,1791264487.963739,10.013682845979929,True,2.00142618175596,29.08720043165064,29.371509999999997,33.76,[8]
idle-t1-mid574,1,ok,5,1791264487.963739,10.013682845979929,True,2.00142618175596,20.75290412092771,20.821350000000002,32.375,[8]
idle-t1-mid574,1,ok,6,1791264487.963739,10.013682845979929,True,2.00142618175596,25.346418885424796,25.4538,28.505,[8]
idle-t1-mid574,1,ok,7,1791264487.963739,10.013682845979929,True,2.00142618175596,27.25720438705285,27.532520000000005,30.145,[8]
idle-t1-mid762,1,ok,4,1791265557.4114397,10.012926863506436,True,5.002983517944813,29.003407690756006,29.197825,34.155,[8]
idle-t1-mid762,1,ok,5,1791265557.4114397,10.012926863506436,True,5.002983517944813,20.884502888176478,20.93429,32.615,[8]
idle-t1-mid762,1,ok,6,1791265557.4114397,10.012926863506436,True,5.002983517944813,25.28920898472687,25.34959,28.96,[8]
idle-t1-mid762,1,ok,7,1791265557.4114397,10.012926863506436,True,5.002983517944813,27.096173146818433,27.362399999999997,30.51,[8]
idle-t1-mid962,1,ok,4,1791266715.7208748,10.013244234025478,True,3.00207098107785,29.225093602091736,29.320074999999996,33.91,[8]
idle-t1-mid962,1,ok,5,1791266715.7208748,10.013244234025478,True,3.00207098107785,20.913701404426078,21.10812,32.355,[8]
idle-t1-mid962,1,ok,6,1791266715.7208748,10.013244234025478,True,3.00207098107785,25.36590480205336,25.466755000000003,29.275,[8]
idle-t1-mid962,1,ok,7,1791266715.7208748,10.013244234025478,True,3.00207098107785,27.418086844130542,27.585559999999997,30.76,[8]
idle-t1-mid1150,1,ok,4,1791267833.687482,10.013044644147158,True,3.0022348454222083,29.477247978967682,29.619525000000003,33.695,[8]
idle-t1-mid1150,1,ok,5,1791267833.687482,10.013044644147158,True,3.0022348454222083,20.98202968892229,21.019700000000004,32.35,[8]
idle-t1-mid1150,1,ok,6,1791267833.687482,10.013044644147158,True,3.0022348454222083,25.281021806685523,25.390370000000004,29.27,[8]
idle-t1-mid1150,1,ok,7,1791267833.687482,10.013044644147158,True,3.0022348454222083,27.203214374882084,27.40916,30.945,[8]
idle-t1-mid1343,1,ok,4,1791269094.7718003,10.012800608761609,True,5.003278055228293,29.173556072253422,29.292799999999996,33.58,[8]
idle-t1-mid1343,1,ok,5,1791269094.7718003,10.012800608761609,True,5.003278055228293,20.763521428567962,21.02526,32.175,[8]
idle-t1-mid1343,1,ok,6,1791269094.7718003,10.012800608761609,True,5.003278055228293,25.51034520516551,25.652695000000005,30.755,[8]
idle-t1-mid1343,1,ok,7,1791269094.7718003,10.012800608761609,True,5.003278055228293,27.327419239784707,27.579085,32.26,[8]
idle-t1-end,1,ok,4,1791270159.3246675,10.012997909449041,True,7.004231676459312,29.3210887143943,29.423814999999994,33.9,[8]
idle-t1-end,1,ok,5,1791270159.3246675,10.012997909449041,True,7.004231676459312,20.8070551780894,21.022999999999996,32.33,[8]
idle-t1-end,1,ok,6,1791270159.3246675,10.012997909449041,True,7.004231676459312,25.162693758503302,25.335355,28.875,[8]
idle-t1-end,1,ok,7,1791270159.3246675,10.012997909449041,True,7.004231676459312,27.370024689746465,27.553165,30.515,[8]
idle-t2-start,2,ok,4,1791270182.4442353,10.012962696142495,True,0.00025268737226724625,29.103074568755286,29.318705000000005,31.56,[8]
idle-t2-start,2,ok,5,1791270182.4442353,10.012962696142495,True,0.00025268737226724625,20.83409339778801,20.913410000000002,30.27,[8]
idle-t2-start,2,ok,6,1791270182.4442353,10.012962696142495,True,0.00025268737226724625,24.928386090578503,25.144585000000003,27.86,[8]
idle-t2-start,2,ok,7,1791270182.4442353,10.012962696142495,True,0.00025268737226724625,27.128933587723246,27.3841,29.75,[8]
idle-t2-mid203,2,ok,4,1791271423.6297278,10.013238501735032,True,3.0021957252174616,29.12963672536704,29.169350000000005,34.065,[8]
idle-t2-mid203,2,ok,5,1791271423.6297278,10.013238501735032,True,3.0021957252174616,20.65795196670466,20.875079999999997,32.615,[8]
idle-t2-mid203,2,ok,6,1791271423.6297278,10.013238501735032,True,3.0021957252174616,25.081395989567508,25.222074999999997,28.735,[8]
idle-t2-mid203,2,ok,7,1791271423.6297278,10.013238501735032,True,3.0021957252174616,27.1790190509138,27.338399999999993,30.405,[8]
idle-t2-mid394,2,ok,4,1791272532.4098186,10.01291909813881,True,3.002296139486134,28.91154888625934,29.045099999999994,33.805,[8]
idle-t2-mid394,2,ok,5,1791272532.4098186,10.01291909813881,True,3.002296139486134,21.00686103007641,21.05365,32.325,[8]
idle-t2-mid394,2,ok,6,1791272532.4098186,10.01291909813881,True,3.002296139486134,25.49616125905314,25.695,31.145,[8]
idle-t2-mid394,2,ok,7,1791272532.4098186,10.01291909813881,True,3.002296139486134,27.581567102777708,27.86606,32.495,[8]
idle-t2-mid584,2,ok,4,1791273645.358025,10.013128999620676,True,3.0019780583679676,29.102790946869796,29.221950000000003,34.085,[8]
idle-t2-mid584,2,ok,5,1791273645.358025,10.013128999620676,True,3.0019780583679676,20.978657121860483,21.07374,32.585,[8]
idle-t2-mid584,2,ok,6,1791273645.358025,10.013128999620676,True,3.0019780583679676,25.230574779329274,25.393620000000002,28.02,[8]
idle-t2-mid584,2,ok,7,1791273645.358025,10.013128999620676,True,3.0019780583679676,26.837964437508028,27.13916,29.925,[8]
idle-t2-mid772,2,ok,4,1791274758.2014227,10.012875404208899,True,3.0020811362192035,28.916668620313867,29.016925,34.26,[8]
idle-t2-mid772,2,ok,5,1791274758.2014227,10.012875404208899,True,3.0020811362192035,21.054890976809926,21.13066,32.605,[8]
idle-t2-mid772,2,ok,6,1791274758.2014227,10.012875404208899,True,3.0020811362192035,25.11885845441333,25.33978,28.0,[8]
idle-t2-mid772,2,ok,7,1791274758.2014227,10.012875404208899,True,3.0020811362192035,26.531639441786226,26.762479999999996,29.985,[8]
idle-t2-mid956,2,ok,4,1791275904.3709953,10.012725056149065,True,4.002684931270778,29.046038752596527,29.306119999999996,34.205,[8]
idle-t2-mid956,2,ok,5,1791275904.3709953,10.012725056149065,True,4.002684931270778,20.89351288753549,21.009700000000002,32.63,[8]
idle-t2-mid956,2,ok,6,1791275904.3709953,10.012725056149065,True,4.002684931270778,25.260955292552325,25.296229999999994,28.0,[8]
idle-t2-mid956,2,ok,7,1791275904.3709953,10.012725056149065,True,4.002684931270778,27.23913804389393,27.37803999999999,29.8,[8]
idle-t2-mid1154,2,ok,4,1791277014.3791625,10.01365261245519,True,3.001985006965697,29.273334251219687,29.379139999999996,33.865,[8]
idle-t2-mid1154,2,ok,5,1791277014.3791625,10.01365261245519,True,3.001985006965697,20.916343726512242,20.960069999999995,32.345,[8]
idle-t2-mid1154,2,ok,6,1791277014.3791625,10.01365261245519,True,3.001985006965697,25.650879847830293,25.849719999999998,32.185,[8]
idle-t2-mid1154,2,ok,7,1791277014.3791625,10.01365261245519,True,3.001985006965697,27.315407332962742,27.65659,33.54,[8]
idle-t2-mid1346,2,ok,4,1791278124.4563627,10.013209611177444,True,2.001509742811322,28.898426302490407,29.095199999999995,33.765,[8]
idle-t2-mid1346,2,ok,5,1791278124.4563627,10.013209611177444,True,2.001509742811322,20.765569490115737,20.885385000000007,32.525,[8]
idle-t2-mid1346,2,ok,6,1791278124.4563627,10.013209611177444,True,2.001509742811322,25.463663490613573,25.7544,30.745,[8]
idle-t2-mid1346,2,ok,7,1791278124.4563627,10.013209611177444,True,2.001509742811322,27.472410014560033,27.566440000000004,32.445,[8]
idle-t2-end,2,ok,4,1791279050.3316338,10.012825528159738,True,4.0025669587776065,29.248687014106526,29.376320000000007,33.91,[8]
idle-t2-end,2,ok,5,1791279050.3316338,10.012825528159738,True,4.0025669587776065,20.759375005129318,20.81003,32.42,[8]
idle-t2-end,2,ok,6,1791279050.3316338,10.012825528159738,True,4.0025669587776065,24.763239837014403,24.9895,28.97,[8]
idle-t2-end,2,ok,7,1791279050.3316338,10.012825528159738,True,4.0025669587776065,26.842273366706394,27.130860000000002,30.65,[8]
idle-t3-start,3,ok,4,1791279070.5370648,10.012698064558208,True,0.00022153835743665695,29.053907161119994,29.112325000000002,31.51,[8]
idle-t3-start,3,ok,5,1791279070.5370648,10.012698064558208,True,0.00022153835743665695,20.640989937722548,20.707235,30.1,[8]
idle-t3-start,3,ok,6,1791279070.5370648,10.012698064558208,True,0.00022153835743665695,24.915661931628172,25.102899999999998,27.855,[8]
idle-t3-start,3,ok,7,1791279070.5370648,10.012698064558208,True,0.00022153835743665695,26.639972391074924,26.937600000000007,29.545,[8]
idle-t3-mid196,3,ok,4,1791280190.331066,10.012985021807253,True,4.00256319437176,29.119388410647385,29.388699999999993,34.855,[8]
idle-t3-mid196,3,ok,5,1791280190.331066,10.012985021807253,True,4.00256319437176,20.742765473798,20.88986,33.26,[8]
idle-t3-mid196,3,ok,6,1791280190.331066,10.012985021807253,True,4.00256319437176,24.769636572894324,24.895979999999998,27.0,[8]
idle-t3-mid196,3,ok,7,1791280190.331066,10.012985021807253,True,4.00256319437176,26.35517774422572,26.472400000000007,29.0,[8]
idle-t3-mid392,3,ok,4,1791281284.542151,10.011510964483023,True,4.002254399470985,29.142454224447427,29.284425000000002,34.02,[8]
idle-t3-mid392,3,ok,5,1791281284.542151,10.011510964483023,True,4.002254399470985,20.778681733256445,20.8466,32.415,[8]
idle-t3-mid392,3,ok,6,1791281284.542151,10.011510964483023,True,4.002254399470985,24.998923827570703,25.317059999999998,28.83,[8]
idle-t3-mid392,3,ok,7,1791281284.542151,10.011510964483023,True,4.002254399470985,27.004015773353395,27.073685,30.57,[8]
idle-t3-mid589,3,ok,4,1791282405.5620384,10.013451611623168,True,3.0024080872535706,29.194728385231794,29.234840000000005,33.86,[8]
idle-t3-mid589,3,ok,5,1791282405.5620384,10.013451611623168,True,3.0024080872535706,20.60708015610526,20.82777,32.3,[8]
idle-t3-mid589,3,ok,6,1791282405.5620384,10.013451611623168,True,3.0024080872535706,25.348202582351682,25.621480000000002,29.0,[8]
idle-t3-mid589,3,ok,7,1791282405.5620384,10.013451611623168,True,3.0024080872535706,27.152575410101456,27.466459999999998,30.715,[8]
idle-t3-mid775,3,ok,4,1791283549.7025902,10.011796123348176,True,6.003826571628451,28.884827101661806,28.932239999999997,33.68,[8]
idle-t3-mid775,3,ok,5,1791283549.7025902,10.011796123348176,True,6.003826571628451,20.591909529521526,20.81862,32.19,[8]
idle-t3-mid775,3,ok,6,1791283549.7025902,10.011796123348176,True,6.003826571628451,24.941678488404023,25.16645,27.0,[8]
idle-t3-mid775,3,ok,7,1791283549.7025902,10.011796123348176,True,6.003826571628451,26.661749471455654,26.956720000000004,29.0,[8]
idle-t3-mid984,3,ok,4,1791284697.4120677,10.012777330353856,True,3.0018610348924994,29.004340196361547,29.293540000000007,34.59,[8]
idle-t3-mid984,3,ok,5,1791284697.4120677,10.012777330353856,True,3.0018610348924994,20.64022729972128,20.780189999999997,32.795,[8]
idle-t3-mid984,3,ok,6,1791284697.4120677,10.012777330353856,True,3.0018610348924994,25.206293086623607,25.336065000000005,27.335,[8]
idle-t3-mid984,3,ok,7,1791284697.4120677,10.012777330353856,True,3.0018610348924994,26.754614744891434,26.994329999999994,29.04,[8]
idle-t3-mid1176,3,ok,4,1791285813.328349,10.01360927708447,True,5.002943262457848,28.986351670844357,29.1452,33.675,[8]
idle-t3-mid1176,3,ok,5,1791285813.328349,10.01360927708447,True,5.002943262457848,20.75924816396713,20.870500000000003,32.22,[8]
idle-t3-mid1176,3,ok,6,1791285813.328349,10.01360927708447,True,5.002943262457848,25.50229322252453,25.602250000000005,28.94,[8]
idle-t3-mid1176,3,ok,7,1791285813.328349,10.01360927708447,True,5.002943262457848,27.026119405249602,27.179454999999997,30.645,[8]
idle-t3-mid1354,3,ok,4,1791286937.9727318,10.014012793079019,True,3.0020403349772096,28.78486436518431,28.971875,33.98,[8]
idle-t3-mid1354,3,ok,5,1791286937.9727318,10.014012793079019,True,3.0020403349772096,20.66923662640529,20.767174999999998,32.585,[8]
idle-t3-mid1354,3,ok,6,1791286937.9727318,10.014012793079019,True,3.0020403349772096,25.6202988054217,25.780590000000004,29.12,[8]
idle-t3-mid1354,3,ok,7,1791286937.9727318,10.014012793079019,True,3.0020403349772096,27.18580509385333,27.343830000000004,30.845,[8]
idle-t3-end,3,ok,4,1791287879.7988088,10.012219555675983,True,2.001249817200005,28.835064831986493,29.092275,36.375,[8]
idle-t3-end,3,ok,5,1791287879.7988088,10.012219555675983,True,2.001249817200005,20.859111093064676,20.999854999999997,34.445,[8]
idle-t3-end,3,ok,6,1791287879.7988088,10.012219555675983,True,2.001249817200005,25.6220909433183,25.796674999999997,32.22,[8]
idle-t3-end,3,ok,7,1791287879.7988088,10.012219555675983,True,2.001249817200005,27.677679105918322,27.905340000000002,34.015,[8]
